epoch,train_loss,train_accuracy,val_loss,val_accuracy
1,0.006023688692795603,0.0,4.60314808682912,0.4034582132564842
1,0.012062488104167737,0.0,4.60126125977336,1.7867435158501441
1,0.01811987475345009,0.0,4.5995602387986425,4.553314121037464
1,0.0241739411103098,0.0,4.597063743573729,7.3198847262247835
1,0.030207999756461695,0.0,4.5929278360533825,8.24207492795389
1,0.03625297860095376,0.0,4.587748659371231,8.184438040345821
1,0.04230247986944098,0.0,4.583021895676714,8.818443804034581
1,0.048245016524666236,4.6875,4.567885605420934,8.818443804034581
1,0.05423714047984073,4.166666666666667,4.525890609635735,8.93371757925072
1,0.06021862531963148,6.25,4.483974113991733,14.755043227665706
1,0.06618950806165996,7.954545454545454,4.492351797868579,13.256484149855908
1,0.07207831018849423,8.333333333333334,4.438994256032776,13.659942363112393
1,0.07851105802937558,7.6923076923076925,4.506136841488324,11.70028818443804
1,0.0845259666442871,7.142857142857143,4.538253768797843,8.760806916426512
1,0.09056806564331055,7.5,4.545634893777733,8.760806916426512
1,0.0965145656937047,7.03125,4.541678250659995,8.760806916426512
1,0.10251852211199308,6.617647058823529,4.53272325542116,8.760806916426512
1,0.10844500880492361,7.638888888888889,4.5148018977609095,8.760806916426512
1,0.11449700217497977,7.2368421052631575,4.491706074657528,8.760806916426512
1,0.12052977398822182,6.875,4.470578835307179,8.760806916426512
1,0.12650544078726517,6.5476190476190474,4.441611815158123,8.760806916426512
1,0.13235525143773932,7.386363636363637,4.418067614603702,8.760806916426512
1,0.13834605091496519,7.065217391304348,4.399257525870327,8.760806916426512
1,0.1439389699383786,7.8125,4.389558191123646,8.760806916426512
1,0.14897011173398872,8.0,4.897987234976984,8.760806916426512
1,0.1545469914612017,8.173076923076923,4.75351921314468,8.760806916426512
1,0.161868176021074,7.87037037037037,4.3311673012746645,8.011527377521613
1,0.16715441722618907,8.035714285714286,4.3730363263512535,9.164265129682997
1,0.17282906551110117,8.189655172413794,4.40751942951009,9.048991354466859
1,0.178543621301651,8.333333333333334,4.423676591864379,8.99135446685879
1,0.1842394166871121,8.46774193548387,4.426408068925005,8.99135446685879
1,0.1900071122144398,8.984375,4.421197796746882,8.99135446685879
1,0.19601447299907082,8.712121212121213,4.416529044577603,8.99135446685879
1,0.20201634890154788,8.455882352941176,4.412138066533524,8.99135446685879
1,0.20763755503453707,8.214285714285714,4.399754253949987,8.99135446685879
1,0.2136159360408783,8.680555555555555,4.3880137694046795,8.99135446685879
1,0.21932421577604194,8.445945945945946,4.373164209902012,8.99135446685879
1,0.2248847594386653,8.881578947368421,4.350386743721325,8.99135446685879
1,0.23025994394954882,8.974358974358974,4.328372526828045,8.99135446685879
1,0.2361710062152461,9.0625,4.3300320783518425,8.99135446685879
1,0.24098223071349295,9.451219512195122,4.4433968781326225,8.99135446685879
1,0.24742598219921713,9.523809523809524,4.393780352333175,8.99135446685879
1,0.2528910197709736,9.593023255813954,4.327540560252106,8.99135446685879
1,0.25860068798065183,9.659090909090908,4.318567167229367,8.99135446685879
1,0.2644971853808353,9.444444444444445,4.345903459232524,8.99135446685879
1,0.2703360162283245,9.23913043478261,4.372002007225142,8.99135446685879
1,0.2762704102616561,9.308510638297872,4.391085328044979,8.99135446685879
1,0.28168168318899056,9.375,4.392297698605445,8.99135446685879
1,0.28776573821118,9.438775510204081,4.393934533343337,8.99135446685879
1,0.29345226476066993,9.5,4.388474295216222,8.99135446685879
1,0.29905059274874235,9.558823529411764,4.377245425079275,8.99135446685879
1,0.3045438264545641,9.615384615384615,4.3595252080996465,8.99135446685879
1,0.31044201035248603,9.433962264150944,4.34831558064931,8.99135446685879
1,0.3163656899803563,9.49074074074074,4.34331757901451,9.221902017291066
1,0.3222450777104026,9.318181818181818,4.373580653546592,8.93371757925072
1,0.3283505439758301,9.151785714285714,4.420830653010426,8.414985590778098
1,0.33383508481477436,9.429824561403509,4.2979152477281986,8.760806916426512
1,0.33962767563368146,9.267241379310345,4.259382843421901,9.221902017291066
1,0.34532249914972407,9.322033898305085,4.248036429629348,9.106628242074928
1,0.3515164519611158,9.166666666666666,4.250943534385224,8.99135446685879
1,0.35741170770243597,9.01639344262295,4.253714241739791,8.99135446685879
1,0.3626514246589259,8.870967741935484,4.253770044871739,8.99135446685879
1,0.36845376679771824,8.928571428571429,4.2526287933648454,8.99135446685879
1,0.37423750664058486,8.984375,4.249872412000384,8.99135446685879
1,0.3791179230338649,9.038461538461538,4.252677403287404,8.99135446685879
1,0.3846134072855899,8.901515151515152,4.250610358154719,8.99135446685879
1,0.3903134371104993,9.14179104477612,4.243554086729128,8.99135446685879
1,0.3961158934392427,9.007352941176471,4.236525165320542,8.99135446685879
1,0.4029247252564681,8.876811594202898,4.23775205744027,8.99135446685879
1,0.40784021992432445,8.928571428571429,4.242175434042232,8.99135446685879
1,0.4136784741753026,8.80281690140845,4.248925824319163,8.99135446685879
1,0.42036450913077905,8.680555555555555,4.27208965714626,8.99135446685879
1,0.42626863153357253,8.732876712328768,4.296988351004464,9.048991354466859
1,0.43146771255292393,8.952702702702704,4.3005695826446955,8.99135446685879
1,0.43712167739868163,9.0,4.299538885942802,8.99135446685879
1,0.4426786416455319,8.881578947368421,4.293271371296474,8.99135446685879
1,0.448780884240803,8.766233766233766,4.292440605603056,9.048991354466859
1,0.4544599093888935,8.653846153846153,4.288892047196489,9.106628242074928
1,0.4600592374801636,8.860759493670885,4.281455916743124,9.279538904899136
1,0.4655421489163449,8.75,4.270229675802767,8.99135446685879
1,0.47137343507064017,8.641975308641975,4.262607284405265,5.994236311239193
1,0.47758882735904895,8.536585365853659,4.264233011254517,8.818443804034581
1,0.4837630911877281,8.433734939759036,4.277584943903206,8.818443804034581
1,0.4896572150682148,8.333333333333334,4.287503937971756,8.818443804034581
1,0.49479909068659733,8.382352941176471,4.2808420086785945,8.818443804034581
1,0.5006591583553114,8.284883720930232,4.265834501811436,7.8962536023054755
1,0.5070670165513691,8.189655172413794,4.270093008120488,6.340057636887608
1,0.5126024974019904,8.096590909090908,4.2545419805060884,5.763688760806916
1,0.5191368874750639,8.00561797752809,4.2549608050403505,6.3976945244956775
1,0.5245662883708352,7.916666666666667,4.239490765031032,6.3976945244956775
1,0.5299742096348813,7.967032967032967,4.22628989747043,8.530259365994237
1,0.5349650564946626,8.28804347826087,4.218132768358503,9.106628242074928
1,0.5410094261169434,8.198924731182796,4.217031318471179,8.99135446685879
1,0.5465098926895543,8.111702127659575,4.217825451204853,8.99135446685879
1,0.5520962533197905,8.026315789473685,4.2189957304484285,8.99135446685879
1,0.5582789703419334,7.942708333333333,4.214768009801065,8.99135446685879
1,0.5632735424920132,7.989690721649485,4.211104502875684,9.048991354466859
1,0.5692718734866694,7.908163265306122,4.208397746635472,9.164265129682997
1,0.5743054998548407,8.080808080808081,4.205548210627472,9.048991354466859
1,0.5801139298238253,8.0,4.203735497690016,9.048991354466859
1,0.58599773645401,8.044554455445544,4.202092562952349,9.048991354466859
1,0.5913546537098132,8.088235294117647,4.200357045995475,9.106628242074928
1,0.5968276707749618,8.131067961165048,4.1987415370853265,9.106628242074928
1,0.6024253594247918,8.052884615384615,4.207849228986397,9.394812680115274
1,0.6074633701851494,7.976190476190476,4.227671959433138,9.164265129682997
1,0.6134051727621179,7.900943396226415,4.243331112619918,8.93371757925072
1,0.6183627853268071,7.827102803738318,4.211177293056717,8.93371757925072
1,0.6228435638703798,7.87037037037037,4.242525924735355,9.279538904899136
1,0.6289380716650109,7.798165137614679,4.262156123939198,9.106628242074928
1,0.6343833587671581,7.840909090909091,4.272299125996603,9.682997118155619
1,0.6395973233800185,7.995495495495495,4.2746879757824034,8.93371757925072
1,0.6446163287288265,7.924107142857143,4.265126532673286,10.662824207492795
1,0.6507403878789199,7.853982300884955,4.222929470000729,9.106628242074928
1,0.6564962076513391,7.894736842105263,4.202678253024405,8.29971181556196
1,0.6625016259519677,7.826086956521739,4.212874309258527,6.743515850144092
1,0.6684841341093967,7.758620689655173,4.233279033739995,5.878962536023055
1,0.674241977930069,7.799145299145299,4.254476123141803,7.435158501440922
1,0.6798834370939355,7.733050847457627,4.262695597064111,8.530259365994237
1,0.6860046270646547,7.668067226890757,4.27683530974498,8.93371757925072
1,0.6914314235511579,7.604166666666667,4.2798702606957075,8.24207492795389
1,0.6973692269701707,7.644628099173554,4.28737766292238,8.93371757925072
1,0.7032896063829723,7.684426229508197,4.295643496623237,8.93371757925072
1,0.7089182712529835,7.621951219512195,4.298412474619079,8.99135446685879
1,0.7145495217097433,7.762096774193548,4.298036970850509,9.221902017291066
1,0.7205074376181553,7.8,4.2981162444787095,9.164265129682997
1,0.7261727637366244,7.837301587301587,4.295367026658652,8.99135446685879
1,0.7320182684220766,7.775590551181103,4.292351316197127,8.99135446685879
1,0.7378020578309109,7.71484375,4.288711893943049,8.99135446685879
1,0.7437973791047147,7.655038759689923,4.285178281195153,8.99135446685879
1,0.7491762440455587,7.788461538461538,4.277221008379888,8.99135446685879
1,0.7553068860581047,7.729007633587786,4.272792233849451,8.99135446685879
1,0.7607575582830529,7.859848484848484,4.2654033201630766,8.99135446685879
1,0.7666047218598817,7.8007518796992485,4.253663690408803,8.99135446685879
1,0.7716725929787285,7.742537313432836,4.239175262539068,9.106628242074928
1,0.7778833618289546,7.685185185185185,4.230895754379062,9.221902017291066
1,0.7826861770529496,7.8125,4.220681722263038,9.221902017291066
1,0.7876195455852307,7.846715328467154,4.217698609224662,9.221902017291066
1,0.7916369667178706,8.152173913043478,4.283882023552047,9.221902017291066
1,0.7979855440164867,8.093525179856115,4.3157394800318,9.221902017291066
1,0.804647464814939,8.035714285714286,4.251754356419436,9.048991354466859
1,0.8093169297042646,8.156028368794326,4.230606778975456,8.99135446685879
1,0.81572958764277,8.098591549295774,4.198165098093622,9.106628242074928
1,0.8209033652355796,8.12937062937063,4.191716404005129,9.221902017291066
1,0.826229621234693,8.072916666666666,4.1890540661350375,9.048991354466859
1,0.8315532966663963,8.10344827586207,4.186350653248448,8.93371757925072
1,0.8358179431212576,8.133561643835616,4.180808462854904,8.93371757925072
1,0.8408498751489739,8.16326530612245,4.177655466141239,8.93371757925072
1,0.8463348965895804,8.192567567567568,4.179414843633977,9.106628242074928
1,0.8521535202076561,8.13758389261745,4.18332528298901,9.048991354466859
1,0.8573289146548824,8.166666666666666,4.191088906081591,9.106628242074928
1,0.862495406991557,8.112582781456954,4.204484752795663,9.394812680115274
1,0.8674825938124405,8.05921052631579,4.228527295424642,9.394812680115274
1,0.8733323028213099,8.006535947712418,4.234197772592993,9.221902017291066
1,0.8792468704675374,7.954545454545454,4.220209749063589,9.164265129682997
1,0.8853920365634718,7.983870967741935,4.199040958958287,9.221902017291066
1,0.8897660487576535,8.092948717948717,4.195126386282081,9.048991354466859
1,0.8945002329976935,8.121019108280255,4.192285622319868,9.048991354466859
1,0.8998145254034745,8.227848101265822,4.189388713529033,9.221902017291066
1,0.9045118946778147,8.254716981132075,4.188904787538238,9.221902017291066
1,0.9093422629331288,8.28125,4.19410132153243,9.164265129682997
1,0.9151449802674745,8.307453416149068,4.183752724651916,9.394812680115274
1,0.9208619240083192,8.410493827160494,4.175612849573935,9.394812680115274
1,0.9261609544879512,8.43558282208589,4.177442644048946,9.048991354466859
1,0.9304901326957502,8.612804878048781,4.192338634745866,9.221902017291066
1,0.9363475921906923,8.56060606060606,4.189147485566029,9.279538904899136
1,0.9422432231275659,8.509036144578314,4.184104655744843,9.279538904899136
1,0.9484844982624054,8.532934131736527,4.178172990473734,9.337175792507205
1,0.9549971715400093,8.482142857142858,4.164951707910283,9.279538904899136
1,0.9604775162119614,8.505917159763314,4.189664996714087,8.87608069164265
1,0.9658828820052899,8.529411764705882,4.20252526850195,8.703170028818445
1,0.971429938705344,8.552631578947368,4.203144961238457,8.703170028818445
1,0.9776007824822476,8.502906976744185,4.212092542428575,8.760806916426512
1,0.9828916672028993,8.453757225433526,4.210806936712309,8.760806916426512
1,0.9883253734362752,8.405172413793103,4.202796822868734,8.818443804034581
1,0.993487307586168,8.428571428571429,4.186746342390913,8.760806916426512
1,0.9989782945105904,8.380681818181818,4.170119961285921,8.703170028818445
1,1.0043493079511743,8.403954802259888,4.1560739119481385,8.703170028818445
1,1.0105235435460742,8.356741573033707,4.155283312643728,8.818443804034581
1,1.015930132803164,8.379888268156424,4.151818887429303,8.703170028818445
1,1.021116380315078,8.472222222222221,4.145943741644582,8.703170028818445
1,1.0263522283027047,8.494475138121548,4.1424726231306925,8.818443804034581
1,1.0311425278061315,8.585164835164836,4.144339865803169,8.87608069164265
1,1.0360354329410353,8.60655737704918,4.1590588905844275,8.93371757925072
1,1.0410061582138663,8.695652173913043,4.193440398862285,9.106628242074928
1,1.0467875157531938,8.716216216216216,4.217812364551878,8.99135446685879
1,1.0517350745828529,8.669354838709678,4.247518850361697,8.99135446685879
1,1.0575600589576521,8.756684491978609,4.228523919109924,8.93371757925072
1,1.0633328158604471,8.77659574468085,4.188902703298401,8.760806916426512
1,1.0687051594257355,8.796296296296296,4.166656160134874,8.760806916426512
1,1.0747144959474866,8.81578947368421,4.156960175334034,8.530259365994237
1,1.0806184614959515,8.835078534031414,4.17025082232216,8.414985590778098
1,1.0866193222372156,8.854166666666666,4.209043922512213,8.126801152737752
1,1.0919774617019453,8.808290155440414,4.24448899409738,8.126801152737752
1,1.097800118985929,8.762886597938145,4.263983979203185,8.24207492795389
1,1.1040865907543584,8.782051282051283,4.281232742669945,8.414985590778098
1,1.1098944089914624,8.801020408163266,4.3319019326416575,8.357348703170029
1,1.115696889789481,8.756345177664974,4.350040202865952,8.645533141210375
1,1.1214063553433669,8.83838383838384,4.330398890279954,8.87608069164265
1,1.1276090537246906,8.793969849246231,4.327647546469342,8.93371757925072
1,1.1333210333397514,8.75,4.318222349140501,8.93371757925072
1,1.1393121854255075,8.706467661691542,4.298333132871285,8.99135446685879
1,1.1447766219314777,8.725247524752476,4.278236717672392,8.99135446685879
1,1.1510353141709377,8.682266009852217,4.273682487725113,8.99135446685879
1,1.1563143476059563,8.639705882352942,4.2687480977054015,8.99135446685879
1,1.1616224392464287,8.597560975609756,4.26247918111388,8.99135446685879
1,1.1668889488044538,8.677184466019417,4.253314675273983,8.99135446685879
1,1.1717108390833202,8.816425120772946,4.238458002767255,8.99135446685879
1,1.1771813527533883,8.834134615384615,4.224504147806475,8.99135446685879
1,1.182527333498001,8.791866028708133,4.212485583696497,8.99135446685879
1,1.1874855433639726,8.80952380952381,4.20442661272216,8.99135446685879
1,1.1937726783125024,8.76777251184834,4.201873763915031,8.99135446685879
1,1.1993750249084674,8.785377358490566,4.202003328481577,8.99135446685879
1,1.2050797126795116,8.744131455399062,4.2019482493949925,8.99135446685879
1,1.2104900538921357,8.703271028037383,4.201273702806042,8.99135446685879
1,1.2160568447489488,8.662790697674419,4.195803790597871,8.99135446685879
1,1.2221826324337408,8.622685185185185,4.185798738409297,8.99135446685879
1,1.2270624370951402,8.640552995391705,4.180510007840697,8.99135446685879
1,1.2321220463828038,8.715596330275229,4.180183148054483,8.93371757925072
1,1.2380769393945996,8.67579908675799,4.175781418101579,8.93371757925072
1,1.24391150317694,8.636363636363637,4.167085692629836,8.87608069164265
1,1.249386832902306,8.597285067873303,4.162903007823751,7.838616714697406
1,1.2550335121782203,8.614864864864865,4.1615835181029714,3.4582132564841497
1,1.2607971633735455,8.576233183856502,4.167943698469944,8.99135446685879
1,1.266453750196256,8.537946428571429,4.176015323208224,9.106628242074928
1,1.272419925426182,8.5,4.199406364546394,9.164265129682997
1,1.2775202782530533,8.628318584070797,4.22641284894284,9.279538904899136
1,1.282626318617871,8.700440528634362,4.193331195462134,9.279538904899136
1,1.2877464805778704,8.717105263157896,4.148596842717465,9.221902017291066
1,1.2937906086444855,8.733624454148472,4.129262731921289,9.221902017291066
1,1.298951452656796,8.75,4.127334468375703,9.164265129682997
1,1.3045270154350683,8.766233766233766,4.12651265711279,9.221902017291066
1,1.3094339185639432,8.836206896551724,4.129169857447049,9.221902017291066
1,1.3152783340529393,8.851931330472103,4.1277126013408605,9.279538904899136
1,1.320312886489065,8.867521367521368,4.1331371338136735,9.337175792507205
1,1.3256148344592045,8.882978723404255,4.152595960599486,9.394812680115274
1,1.331549872850117,8.898305084745763,4.187097493404617,9.221902017291066
1,1.3371247454693442,8.860759493670885,4.172919153617824,9.221902017291066
1,1.3433688590401098,8.876050420168067,4.1290072768514605,9.337175792507205
1,1.349465510719701,8.838912133891213,4.139673792272119,9.221902017291066
1,1.3545193490229155,8.854166666666666,4.1504216205139866,9.221902017291066
1,1.3600865018995185,8.817427385892117,4.159547547590897,9.221902017291066
1,1.365233578180012,8.832644628099173,4.147689997325845,9.164265129682997
1,1.3700649590868699,8.89917695473251,4.170093041960545,9.221902017291066
1,1.3748132928421624,8.96516393442623,4.20365695909421,9.164265129682997
1,1.3806911973576796,8.979591836734693,4.188605666709935,9.164265129682997
1,1.3862273620931727,8.94308943089431,4.165276774612989,9.164265129682997
1,1.392657691867728,8.906882591093117,4.134679169149443,9.221902017291066
1,1.3973445255505412,8.971774193548388,4.128185451305407,9.221902017291066
1,1.4027979101005355,9.036144578313253,4.133614354419269,9.337175792507205
1,1.4081487997582085,9.1,4.147497089227773,9.394812680115274
1,1.4136837949878291,9.063745019920319,4.15819899277753,9.682997118155619
1,1.419719440999784,9.027777777777779,4.173199111964846,9.798270893371757
1,1.425100994423816,8.992094861660078,4.173011722652594,9.740634005763688
1,1.4308473144706926,9.005905511811024,4.174104036823396,9.567723342939482
1,1.4358580498318922,9.019607843137255,4.146538962966286,9.452449567723344
1,1.4404571658686587,9.08203125,4.127460031465452,9.567723342939482
1,1.4462531930521916,9.04669260700389,4.12353407842223,9.279538904899136
1,1.4522313130529303,9.011627906976743,4.1237417355111115,9.279538904899136
1,1.4577853660834463,8.976833976833976,4.1240504458203295,9.221902017291066
1,1.462469111304534,9.086538461538462,4.124857550941854,9.279538904899136
1,1.4681557282021171,9.051724137931034,4.124776798459242,9.279538904899136
1,1.4738085699708838,9.017175572519085,4.1266621829177925,9.337175792507205
1,1.4783389897722947,9.077946768060837,4.1395058522026655,9.164265129682997
1,1.483808463184457,9.043560606060606,4.152768559170209,9.164265129682997
1,1.4888226932600925,9.056603773584905,4.14288888988407,9.221902017291066
1,1.4951917525969054,9.022556390977444,4.144261093183596,9.221902017291066
1,1.5014097179237165,8.98876404494382,4.129610596713932,9.279538904899136
1,1.5060966566989296,9.001865671641792,4.127334429921093,9.279538904899136
1,1.5119810029080039,9.014869888475836,4.12153808312482,9.221902017291066
1,1.5184696191235592,8.981481481481481,4.118302957253522,9.221902017291066
1,1.5245127251273707,8.948339483394834,4.134990608637234,9.452449567723344
1,1.5293875299001995,8.961397058823529,4.145237219498454,9.337175792507205
1,1.535604722876298,8.928571428571429,4.177630183883526,9.452449567723344
1,1.5407968138393602,8.987226277372264,4.205191318889916,9.394812680115274
1,1.5457424653203864,9.0,4.176231056863811,9.279538904899136
1,1.5516779291002374,8.967391304347826,4.167177679351948,9.106628242074928
1,1.5573013073519657,8.935018050541517,4.153139312146446,9.106628242074928
1,1.5626015914113898,8.947841726618705,4.141980911729522,8.99135446685879
1,1.5684004099745499,8.915770609318997,4.1390091175307875,9.164265129682997
1,1.5738908987296254,8.973214285714286,4.142040939375002,9.855907780979827
1,1.5792069686086554,8.98576512455516,4.135973149180962,9.971181556195965
1,1.5846749694723832,8.99822695035461,4.132805801207019,10.605187319884726
1,1.5899707411464892,8.96643109540636,4.1164917825004474,9.394812680115274
1,1.5953283805596201,8.97887323943662,4.112516895417245,9.279538904899136
1,1.600849954078072,8.991228070175438,4.132584559752645,8.87608069164265
1,1.6066953677880136,9.003496503496503,4.150199450655467,8.760806916426512
1,1.613183043505016,8.97212543554007,4.148631396930888,8.703170028818445
1,1.619267569717608,8.940972222222221,4.1344763353672995,8.818443804034581
1,1.6241560575209166,8.996539792387543,4.122652752608198,9.048991354466859
1,1.629976896549526,8.96551724137931,4.1139550417799,9.106628242074928
1,1.6354128840722535,9.02061855670103,4.109456981931414,9.337175792507205
1,1.6417412246528424,8.98972602739726,4.112658564396169,10.144092219020173
1,1.6469753801822662,8.959044368600683,4.122677369051814,10.720461095100864
1,1.652206292591597,8.97108843537415,4.137684664967972,11.527377521613833
1,1.6576109280711726,8.983050847457626,4.150253877112393,12.161383285302593
1,1.6634026806605489,8.994932432432432,4.155110953590287,12.44956772334294
1,1.6692028431515944,9.006734006734007,4.1623692973967525,12.968299711815561
1,1.674173355102539,9.060402684563758,4.165412838008547,13.141210374639769
1,1.6796697993027536,9.03010033444816,4.1555103893104235,12.44956772334294
1,1.6847090514082657,9.083333333333334,4.134964384790939,11.75792507204611
1,1.689799607113788,9.136212624584717,4.106401124857538,10.605187319884726
1,1.6954554146841954,9.105960264900663,4.0946163417007515,10.259365994236312
1,1.700814421239652,9.158415841584159,4.094371228723482,9.798270893371757
1,1.704986742295717,9.210526315789474,4.1155390266998575,9.221902017291066
1,1.7114842929338154,9.180327868852459,4.132378346359675,9.106628242074928
1,1.717578000771372,9.15032679738562,4.134646524482059,9.048991354466859
1,1.7234150290489196,9.161237785016286,4.12684609153853,9.048991354466859
1,1.7297292665431374,9.131493506493506,4.11388357224003,9.164265129682997
1,1.7357440496745862,9.101941747572816,4.106030973970616,9.279538904899136
1,1.7405001489739669,9.112903225806452,4.10567645213571,9.221902017291066
1,1.7463524329034905,9.083601286173634,4.107036348861484,9.337175792507205
1,1.7518429969486438,9.094551282051283,4.109606583546933,9.452449567723344
1,1.7574753623259696,9.105431309904153,4.114492859159197,9.510086455331413
1,1.7628320267325954,9.07643312101911,4.118278764909314,9.682997118155619
1,1.7683039853447362,9.126984126984127,4.123709534719793,10.086455331412104
1,1.7738946324900577,9.098101265822784,4.130664775997812,11.181556195965419
1,1.7795424975846943,9.069400630914826,4.141989393717682,12.737752161383286
1,1.7852507321458113,9.080188679245284,4.153912180579752,13.371757925072046
1,1.7908222756887737,9.051724137931034,4.162834394912016,13.77521613832853
1,1.7965977298585991,9.0234375,4.170819215510847,13.77521613832853
1,1.8012879748093455,9.151090342679128,4.146945159006778,13.602305475504323
1,1.8065968946406716,9.161490683229813,4.1222485001735425,12.853025936599424
1,1.8116427201973764,9.171826625386997,4.102269095759238,11.06628242074928
1,1.816402365345704,9.220679012345679,4.0931076651894,10.086455331412104
1,1.8214891744287391,9.23076923076923,4.100287945039811,9.510086455331413
1,1.8274410959921386,9.202453987730062,4.1089982492033785,9.452449567723344
1,1.8326813553508958,9.212538226299694,4.112971758512857,9.567723342939482
1,1.8376158438230816,9.222560975609756,4.114478025568245,9.62536023054755
1,1.84094036503842,9.308510638297872,4.142702268565305,9.62536023054755
1,1.84533796969213,9.318181818181818,4.200485629420126,9.62536023054755
1,1.8512570779574544,9.327794561933535,4.2122014502775835,9.62536023054755
1,1.8571618466000808,9.299698795180722,4.189732292280769,9.855907780979827
1,1.8619471455875196,9.346846846846846,4.148917525594685,10.432276657060518
1,1.8698727538711146,9.318862275449101,4.110312101478401,10.547550432276656
1,1.8751554181701258,9.365671641791044,4.099348140751712,10.605187319884726
1,1.8810237131620708,9.375,4.097033640206684,10.893371757925072
1,1.88598624405108,9.421364985163205,4.102278874217091,11.181556195965419
1,1.8920002880849336,9.393491124260356,4.112157969980196,12.219020172910662
1,1.898291383918963,9.402654867256636,4.13019862592495,13.198847262247838
1,1.9034677869395207,9.375,4.141057379234771,13.487031700288185
1,1.909736288221259,9.3475073313783,4.159484795161656,14.236311239193084
1,1.915433465179644,9.320175438596491,4.176348646664949,14.812680115273775
1,1.9204241602044356,9.438775510204081,4.170432461022232,14.351585014409222
1,1.925841702912983,9.44767441860465,4.164714660512687,14.178674351585014
1,1.9301315040964828,9.601449275362318,4.15000069525934,13.544668587896254
1,1.9355016209577258,9.609826589595375,4.147746644261796,12.737752161383286
1,1.9412592577306849,9.5821325648415,4.150513392988987,12.680115273775217
1,1.946542144135425,9.626436781609195,4.162757280235466,12.39193083573487
1,1.9530854184376567,9.634670487106018,4.164810761878018,12.853025936599424
1,1.95852731309439,9.607142857142858,4.162158493622107,13.256484149855908
1,1.963788823077553,9.686609686609687,4.162311361682031,13.717579250720462
1,1.9689766093304282,9.730113636363637,4.154870082705801,13.659942363112393
1,1.9749237838544345,9.737960339943342,4.133709813043269,13.544668587896254
1,1.979797775494425,9.745762711864407,4.12350335538662,13.429394812680115
1,1.984875626313059,9.753521126760564,4.121439474518947,13.0835734870317
1,1.9897078539195814,9.79634831460674,4.118130617976738,12.910662824207494
1,1.9954833576553745,9.803921568627452,4.114554944675639,12.507204610951009
1,2.000888724703538,9.811452513966481,4.112055792786559,12.44956772334294
1,2.0050406368155227,9.853760445682452,4.1144860296205445,11.642651296829971
1,2.009527545853665,9.86111111111111,4.12886248096343,10.489913544668587
1,2.0144564691342803,9.903047091412743,4.143346948008383,9.798270893371757
1,2.0195400614487498,9.910220994475138,4.158758800699964,9.682997118155619
1,2.0242822063596626,9.986225895316805,4.185534282763433,9.221902017291066
1,2.029974932419626,9.958791208791208,4.197745184744558,9.279538904899136
1,2.0355282708218225,9.965753424657533,4.165158856299616,10.547550432276656
1,2.0410529299786218,9.972677595628415,4.128329096851261,12.39193083573487
1,2.046417098296316,10.013623978201634,4.111961784450689,13.717579250720462
1,2.0521039021642586,9.986413043478262,4.113257792688185,14.005763688760807
1,2.0572018413167252,10.02710027100271,4.1080843248674945,14.178674351585014
1,2.061310818634535,10.10135135135135,4.100807234988235,14.351585014409222
1,2.0673977440909335,10.074123989218329,4.158076292908137,15.15850144092219
1,2.0730845485862934,10.047043010752688,4.218946603036696,14.063400576368876
1,2.0790188572908703,10.05361930294906,4.1868474439541865,14.927953890489913
1,2.084156438237742,10.127005347593583,4.086269528085735,15.734870317002882
1,2.0896597978315854,10.133333333333333,4.102575046126194,16.253602305475503
1,2.095950906213961,10.106382978723405,4.168304839991205,15.561959654178674
1,2.101276090584303,10.079575596816976,4.20945600100926,14.812680115273775
1,2.1072738368260233,10.085978835978835,4.212865890995149,14.755043227665706
1,2.11299054654021,10.059366754617415,4.154853153887982,15.504322766570604
1,2.118033620558287,10.098684210526315,4.094239033861644,14.985590778097983
1,2.1242665686105426,10.10498687664042,4.074096451157249,13.890489913544668
1,2.1294723347613687,10.078534031413612,4.071869440342424,13.544668587896254
1,2.1342247755903947,10.117493472584856,4.078996371563679,12.3342939481268
1,2.139139865260375,10.123697916666666,4.083439606126003,12.103746397694524
1,2.1443566927784365,10.12987012987013,4.083943325253675,13.0835734870317
1,2.1480116037946,10.200777202072539,4.087488204103461,13.198847262247838
1,2.1522684423547043,10.271317829457365,4.116750688596804,12.507204610951009
1,2.1571461991259926,10.309278350515465,4.180634655710739,12.39193083573487
1,2.1619300058013513,10.347043701799485,4.246037564519364,12.795389048991355
1,2.166424905312689,10.352564102564102,4.2934840802223455,13.141210374639769
1,2.1710233158186862,10.421994884910486,4.296882272316014,13.141210374639769
1,2.177862581767534,10.395408163265307,4.159618528207876,13.02593659942363
1,2.182842672812311,10.432569974554708,4.095161502811766,13.487031700288185
1,2.1878601463217486,10.469543147208121,4.076340869824458,13.717579250720462
1,2.194250297546387,10.443037974683545,4.10912832466688,14.639769452449567
1,2.1996223035611604,10.47979797979798,4.1447002261465045,15.446685878962535
1,2.2049501249664707,10.484886649874056,4.159545309532622,15.446685878962535
1,2.2098670237942746,10.489949748743719,4.1312273065066005,15.389048991354468
1,2.2150778324980487,10.526315789473685,4.0912388162129485,14.351585014409222
1,2.2208889164422687,10.5,4.070996898659913,13.0835734870317
1,2.2263184202344792,10.473815461346634,4.064806062504992,11.181556195965419
1,2.2318659142444006,10.447761194029852,4.077053687539518,10.086455331412104
1,2.236784356832504,10.483870967741936,4.094987092479583,9.798270893371757
1,2.242039189213201,10.488861386138614,4.090930546483686,9.798270893371757
1,2.246556073740909,10.493827160493828,4.12213422296234,9.337175792507205
1,2.2524741235532257,10.498768472906404,4.051260662518339,11.815561959654179
1,2.2567238440639095,10.534398034398034,4.054794467539282,13.429394812680115
1,2.2612913552083467,10.53921568627451,4.069223848905431,14.005763688760807
1,2.2671780423114174,10.513447432762836,4.09245004412216,14.409221902017292
1,2.2723412796070703,10.548780487804878,4.0893494181918655,14.293948126801153
1,2.2779670018898814,10.614355231143552,4.071813450430945,14.121037463976945
1,2.28294253161079,10.618932038834952,4.058034460665444,13.948126801152737
1,2.2873676651402524,10.653753026634382,4.07615776875052,11.930835734870318
1,2.2914601244424517,10.68840579710145,4.1673662201050785,10.259365994236312
1,2.2976136947932995,10.662650602409638,4.169215266056325,10.144092219020173
1,2.301125658499567,10.727163461538462,4.173278184530372,10.778097982708934
1,2.306249570532849,10.761390887290167,4.110114952386249,12.276657060518732
1,2.3118937840587215,10.735645933014354,4.067953922781527,14.178674351585014
1,2.3159012719204553,10.799522673031026,4.060234623570596,14.697406340057636
1,2.3210183105970685,10.833333333333334,4.059467256343859,15.043227665706052
1,2.3254613402642703,10.89667458432304,4.06027544149056,15.15850144092219
1,2.3320306517575915,10.87085308056872,4.062067563632667,15.043227665706052
1,2.335655375530845,10.963356973995271,4.049468204173075,15.043227665706052
1,2.3405623624199317,10.966981132075471,4.060179918043075,14.52449567723343
1,2.344676285982132,11.0,4.157908222093011,12.276657060518732
1,2.349922034928673,11.003521126760564,4.24516354398244,11.70028818443804
1,2.35538231291269,11.036299765807962,4.100580004503101,13.602305475504323
1,2.3593046872239363,11.098130841121495,4.049410435461229,14.178674351585014
1,2.3645415318639653,11.072261072261073,4.015020615494197,15.100864553314121
1,2.3696746132875743,11.104651162790697,4.009094751375612,15.734870317002882
1,2.373882019519806,11.165893271461718,4.010147796797862,15.734870317002882
1,2.3792800006113555,11.168981481481481,4.013948919586323,15.734870317002882
1,2.3844752412093313,11.200923787528868,4.023293280931113,15.619596541786743
1,2.390007709829431,11.203917050691244,4.042974870875135,15.27377521613833
1,2.3939315030449313,11.293103448275861,4.066618553504417,14.409221902017292
1,2.3989436563692594,11.267201834862385,4.109499810478105,13.832853025936599
1,2.4047823648703726,11.24141876430206,4.109659821207073,14.005763688760807
1,2.4091790500440093,11.301369863013699,4.096164593498828,14.351585014409222
1,2.4133230068181692,11.361047835990888,4.117308658388903,14.697406340057636
1,2.4195894300937653,11.335227272727273,4.114896231532646,14.5821325648415
1,2.4251598706370907,11.337868480725623,4.104087821898922,14.5821325648415
1,2.4301890752817457,11.312217194570136,4.087649737634966,14.639769452449567
1,2.435097919639788,11.343115124153499,4.04630649364489,15.15850144092219
1,2.4410996738233064,11.34572072072072,4.014789417592062,15.734870317002882
1,2.445622775115465,11.376404494382022,4.011070916180237,15.85014409221902
1,2.452104120191775,11.350896860986547,4.0199650982008555,15.561959654178674
1,2.4576480247472463,11.353467561521253,4.071036955178608,15.15850144092219
1,2.4635694425357015,11.328125,4.064671383475378,15.15850144092219
1,2.468676380420986,11.35857461024499,4.025814069580922,15.619596541786743
1,2.474150885720002,11.36111111111111,4.008144339108797,15.734870317002882
1,2.4797958634401622,11.335920177383592,4.00209330413748,15.504322766570604
1,2.484491746362887,11.393805309734514,3.9986990124399213,15.446685878962535
1,2.4888480660162475,11.451434878587197,3.992734540992069,15.331412103746398
1,2.494084143324902,11.45374449339207,3.9926516130772605,15.446685878962535
1,2.4989307447483666,11.428571428571429,4.00161618351387,15.331412103746398
1,2.5055439873745566,11.403508771929825,4.003546411540651,15.21613832853026
1,2.510437407619075,11.433260393873086,3.9991525285254976,15.100864553314121
1,2.5153905008968556,11.435589519650655,3.994900605645597,15.043227665706052
1,2.5202749845228696,11.465141612200435,3.996377808707101,14.351585014409222
1,2.5256647144493303,11.494565217391305,3.996366092136928,14.005763688760807
1,2.530491887581976,11.523861171366594,3.9995079458034533,14.236311239193084
1,2.5364632164177143,11.49891774891775,3.982645057862805,14.812680115273775
1,2.5414425583262195,11.528077753779698,3.987906394466277,15.619596541786743
1,2.549026649562936,11.50323275862069,4.060851615694811,15.85014409221902
1,2.5539919479897146,11.559139784946236,4.167225857484176,13.198847262247838
1,2.559770250634143,11.561158798283262,4.276183477744529,10.547550432276656
1,2.565726574157414,11.563169164882227,4.266361317876298,10.201729106628243
1,2.5715151106056413,11.538461538461538,4.229382757767005,10.835734870317003
1,2.577208710657923,11.513859275053305,4.206406573546097,11.239193083573488
1,2.5826500136601296,11.48936170212766,4.181621318588609,11.930835734870318
1,2.5890310535305425,11.464968152866241,4.158983384409258,12.968299711815561
1,2.5937974779229416,11.467161016949152,4.127156476271317,13.832853025936599
1,2.5994577106676604,11.495771670190274,4.101012234314246,14.293948126801153
1,2.6043791221944907,11.524261603375528,4.081596501961282,14.927953890489913
1,2.610045503628881,11.526315789473685,4.076561227921517,15.27377521613833
1,2.615150385153921,11.554621848739496,4.073875724994642,15.677233429394812
1,2.620808964026602,11.530398322851154,4.070568283582063,15.965417867435159
1,2.6257923044656453,11.55857740585774,4.071915626525879,16.311239193083573
1,2.6313576052063388,11.586638830897703,4.072017320290139,16.253602305475503
1,2.637273969775752,11.5625,4.064869926821801,16.138328530259365
1,2.6423431023171076,11.564449064449065,4.059692878327612,16.138328530259365
1,2.648411246663646,11.566390041493776,4.044225480699319,16.138328530259365
1,2.6548595889618523,11.542443064182194,4.034330168078022,16.138328530259365
1,2.660456436245065,11.518595041322314,4.033888422399072,15.90778097982709
1,2.665970285001554,11.52061855670103,4.043135234287807,16.080691642651296
1,2.671082700867402,11.548353909465021,4.050112515550604,16.138328530259365
1,2.6765916287899016,11.575975359342916,4.06179615978821,16.023054755043226
1,2.6817431678897456,11.603483606557377,4.066270982065508,15.85014409221902
1,2.6871599865587132,11.630879345603272,4.05995357531007,15.792507204610951
1,2.6929695301934293,11.607142857142858,4.057359076864708,15.677233429394812
1,2.6980444465812883,11.634419551934826,4.045518599347584,15.792507204610951
1,2.70311347716733,11.6869918699187,4.011064312974429,15.792507204610951
1,2.7085466017848567,11.688640973630832,3.9930563434477775,15.100864553314121
1,2.713337098611029,11.715587044534413,3.992299026058566,14.755043227665706
1,2.719039222127513,11.691919191919192,4.0030988669065835,14.121037463976945
1,2.723270500647394,11.769153225806452,4.0221716390776745,14.178674351585014
1,2.728344012875306,11.795774647887324,4.014633687410487,14.063400576368876
1,2.734271751893194,11.79718875502008,3.984853399514053,14.236311239193084
1,2.7394599186746698,11.823647294589179,3.9650750907335413,14.293948126801153
1,2.744784471235777,11.825,3.9470528962974725,14.46685878962536
1,2.7491399441894733,11.851297405189621,3.94237093551917,14.5821325648415
1,2.7534386239553754,11.852589641434262,3.9434184797348513,14.409221902017292
1,2.7580995487539393,11.853876739562624,3.9588878429430423,13.659942363112393
1,2.7634667261650687,11.85515873015873,4.0123585259310115,12.39193083573487
1,2.7690645283774327,11.831683168316832,3.962900689120666,14.351585014409222
1,2.7754077525515304,11.808300395256918,3.9485880054087135,15.792507204610951
1,2.780357171359815,11.785009861932938,3.983358001928725,16.54178674351585
1,2.7862220362613077,11.811023622047244,4.04452698791082,16.368876080691642
1,2.792048009445793,11.81237721021611,4.05333469979774,16.368876080691642
1,2.796750422214207,11.838235294117647,4.015496126517722,16.54178674351585
1,2.8028326238456525,11.815068493150685,3.9827042999355475,16.65706051873199
1,2.8083328563916057,11.81640625,3.954078173307779,17.118155619596543
1,2.813742770333039,11.817738791423002,3.9239783385931624,17.175792507204612
1,2.8188047641202023,11.819066147859923,3.9054453867371732,17.118155619596543
1,2.823174619360974,11.868932038834952,3.8869871675693495,16.945244956772335
1,2.829524691167631,11.845930232558139,3.8811442764124013,16.829971181556196
1,2.8353153401299527,11.847195357833655,3.876276766649589,16.714697406340058
1,2.839717166361056,11.872586872586872,3.8705420636911,16.59942363112392
1,2.844124816593371,11.873795761078998,3.864102351500691,16.714697406340058
1,2.8478317091339513,11.923076923076923,3.862171562036611,16.54178674351585
1,2.8516891859079663,11.972168905950095,3.893427976265481,16.138328530259365
1,2.85793118633722,11.973180076628353,3.8705972603389194,16.023054755043226
1,2.863220865161795,11.974187380497131,3.8564854151642267,16.253602305475503
1,2.8681001390281478,11.975190839694656,3.8571146611244447,17.118155619596543
1,2.8726461212886005,12.0,3.8599493338765085,17.29106628242075
1,2.877864989795183,12.000950570342205,3.8593676079253445,17.23342939481268
1,2.8834818949824887,11.978178368121442,3.8640649450539444,17.46397694524496
1,2.8885283021550427,11.979166666666666,3.875392756703812,17.23342939481268
1,2.8934198577153056,12.003780718336484,3.8835894347335884,16.714697406340058
1,2.8994194673864464,12.004716981132075,3.9103232451847623,16.368876080691642
1,2.9030168523913935,12.052730696798493,3.900153197451121,16.54178674351585
1,2.9080369048996975,12.077067669172932,3.8984614176684262,16.42651296829971
1,2.91298641060528,12.077861163227016,4.015475894998295,16.59942363112392
1,2.91828239622869,12.07865168539326,4.392850817623226,15.792507204610951
1,2.9256915892425335,12.05607476635514,4.322019436392367,11.75792507204611
1,2.9311535995257527,12.033582089552239,5.033400892662013,5.014409221902017
1,2.9379878568021875,12.034450651769088,4.6685276943417735,5.072046109510087
1,2.9434741155097357,12.035315985130111,4.240414923786568,8.703170028818445
1,2.949054683195917,12.036178107606679,4.148323362324095,9.62536023054755
1,2.954625998986395,12.01388888888889,4.1560230200191794,9.394812680115274
1,2.9598845030132095,12.014787430683919,4.1376709817191974,9.221902017291066
1,2.9651237356035334,11.992619926199263,4.123747151018837,9.567723342939482
1,2.9696682506485987,11.993554327808472,4.108051784576908,11.06628242074928
1,2.976584642498117,11.971507352941176,4.068717197339106,13.141210374639769
1,2.9828014784737635,11.94954128440367,4.058024744833669,14.697406340057636
1,2.9881752500408574,11.95054945054945,4.0705095688868225,15.792507204610951
1,2.993607665049402,11.928702010968921,4.08489309477916,16.368876080691642
1,2.9985278521713457,11.97536496350365,4.084559370295793,16.887608069164266
1,3.0039450792889846,11.999089253187615,4.076490933993995,17.060518731988473
1,3.0089711176721674,12.022727272727273,4.069016261034847,16.253602305475503
1,3.0140711204001778,12.000907441016334,4.067425589407644,15.446685878962535
1,3.0192490301634134,12.02445652173913,4.065405127090243,14.409221902017292
1,3.0250068589260706,12.025316455696203,4.064283377563899,13.544668587896254
1,3.0310037901527003,12.00361010830325,4.053499253664149,15.504322766570604
1,3.0361653481659134,12.027027027027026,4.0479283211967365,16.138328530259365
1,3.0427245249873716,12.005395683453237,4.0502290747682075,16.311239193083573
1,3.0480867169405284,12.006283662477559,4.0565739721746485,16.195965417867434
1,3.053674484867799,11.984767025089607,4.063986269559728,15.677233429394812
1,3.0579489936954096,12.075134168157424,4.053559484569708,15.734870317002882
1,3.063395439637335,12.075892857142858,4.043977669307163,15.331412103746398
1,3.0695540148960916,12.054367201426025,4.038968722391788,15.15850144092219
1,3.0752609594872125,12.055160142348754,4.03841587475368,15.100864553314121
1,3.0809008287756066,12.055950266429841,4.0528671389900595,14.639769452449567
1,3.0854725640071066,12.101063829787234,4.130807605207241,10.893371757925072
1,3.0915341336476176,12.079646017699115,4.043090652210921,14.812680115273775
1,3.0975230483632337,12.058303886925795,4.020932138240831,15.331412103746398
1,3.104164139534298,12.037037037037036,4.028274683359032,15.21613832853026
1,3.108405098475908,12.059859154929578,4.032813546844341,15.389048991354468
1,3.1141693331693348,12.038664323374341,4.03831536429269,15.561959654178674
1,3.1185793622543936,12.105263157894736,4.026832472893499,15.446685878962535
1,3.1246651828289034,12.084063047285465,4.015356701090589,15.504322766570604
1,3.1288809588080957,12.128496503496503,4.0090136462092945,15.389048991354468
1,3.1336727725832088,12.12914485165794,4.0263951626790835,15.27377521613833
1,3.1396296501159666,12.10801393728223,4.024115960169498,15.15850144092219
1,3.145139743779835,12.108695652173912,3.9884280455277263,14.812680115273775
1,3.1500431594095732,12.13107638888889,3.9930029146132933,14.409221902017292
1,3.1553634700022246,12.131715771230503,4.071216272318967,13.602305475504323
1,3.1603070168118728,12.110726643598616,4.070683904507193,13.717579250720462
1,3.1664490370373977,12.089810017271157,3.9794997454788277,14.927953890489913
1,3.171978430057827,12.068965517241379,3.958824725744362,16.368876080691642
1,3.1772627331708607,12.069707401032701,3.9661217944413285,17.34870317002882
1,3.1829816331988887,12.04896907216495,4.0076488932156895,18.847262247838618
1,3.188340256402367,12.049742710120068,4.002719210040185,19.2507204610951
1,3.1934154510498045,12.050513698630137,3.988723410988733,19.30835734870317
1,3.1991594270655983,12.072649572649572,3.972029642025996,18.962536023054756
1,3.2041499517465892,12.09470989761092,3.9547477713378343,18.73198847262248
1,3.209095318380155,12.116695059625213,3.9383085147576398,18.040345821325648
1,3.215094928678713,12.09608843537415,3.931497166233678,18.155619596541786
1,3.22038488042982,12.096774193548388,3.9355359516934865,16.772334293948127
1,3.225327362825996,12.11864406779661,3.9443927679193735,15.677233429394812
1,3.2309421661653017,12.119289340101522,3.9412624792019892,15.677233429394812
1,3.237458489129418,12.098817567567568,3.9238047808546077,15.90778097982709
1,3.2413479503832368,12.120573355817875,3.9186482495426582,16.023054755043226
1,3.244829418470985,12.163299663299663,3.9179315874653478,15.619596541786743
1,3.2494644554037797,12.184873949579831,3.925066832573183,15.100864553314121
1,3.2546917733393217,12.185402684563758,3.946188845392746,15.27377521613833
1,3.260080786127793,12.16499162479062,3.970948393993114,15.331412103746398
1,3.264450748343217,12.186454849498327,4.0465963095563895,15.85014409221902
1,3.2703871563861244,12.166110183639399,4.124353897736369,15.619596541786743
1,3.2752454183603588,12.1875,4.2223060295878465,15.100864553314121
1,3.2799391837496508,12.20881863560732,4.071478733818652,16.195965417867434
1,3.286108888136713,12.188538205980066,3.9884062681329966,16.368876080691642
1,3.2898996086497054,12.251243781094526,3.9397664311844083,16.195965417867434
1,3.293775497298492,12.313741721854305,3.944053336771952,15.85014409221902
1,3.2985021133171886,12.355371900826446,4.034250793369135,15.043227665706052
1,3.303499740675876,12.355610561056105,4.046630025459325,15.21613832853026
1,3.3093583219929745,12.355848434925864,3.9583992309834,15.965417867435159
1,3.3145242107541937,12.35608552631579,3.9128731406778785,16.253602305475503
1,3.3202706933021546,12.35632183908046,3.909140616518012,15.90778097982709
1,3.3261367233175982,12.336065573770492,3.9405766280565393,15.734870317002882
1,3.331547376984044,12.315875613747954,3.983357850307693,15.561959654178674
1,3.335628626848522,12.377450980392156,3.987808841714112,15.561959654178674
1,3.341336670674776,12.35725938009788,3.973057908396567,15.677233429394812
1,3.3453816175460815,12.37785016286645,3.939744193433067,15.90778097982709
1,3.350182847913943,12.41869918699187,3.914208653885099,16.253602305475503
1,3.3547450253837985,12.439123376623376,3.90596699824531,16.195965417867434
1,3.359653062255759,12.459481361426256,3.90939734278736,15.965417867435159
1,3.363554374167794,12.5,3.926024550117106,15.85014409221902
1,3.367973699381477,12.520193861066236,3.9543519668315414,15.85014409221902
1,3.3723615894192145,12.52016129032258,3.997101476115565,15.504322766570604
1,3.3750032519039355,12.600644122383253,4.0725349028539,15.21613832853026
1,3.3799721626858963,12.60048231511254,4.030096280409993,16.080691642651296
1,3.384918303238718,12.60032102728732,3.964758631271151,16.42651296829971
1,3.3891527188451667,12.620192307692308,3.9191946181284116,16.65706051873199
1,3.3947258936731437,12.62,3.900893515705513,16.59942363112392
1,3.400516901518169,12.619808306709265,3.917047087497975,16.48414985590778
1,3.405806260987332,12.639553429027114,3.9464626531996485,16.48414985590778
1,3.4107166478508395,12.659235668789808,3.9464872641497495,16.48414985590778
1,3.415242152778726,12.67885532591415,3.9326219679573167,16.714697406340058
1,3.4210397880328327,12.678571428571429,3.917603709181333,16.829971181556196
1,3.4269472156700336,12.678288431061807,3.889474434786678,16.829971181556196
1,3.4330421306585013,12.658227848101266,3.876042805509084,17.002881844380404
1,3.437139532754296,12.717219589257503,3.8537875309517857,16.59942363112392
1,3.4430465161800385,12.697160883280757,3.8458171187457952,16.42651296829971
1,3.4475106788309,12.716535433070867,3.8392390622521324,16.253602305475503
1,3.452287901075263,12.696540880503145,3.839110434879356,16.42651296829971
1,3.45670686803366,12.696232339089482,3.8746650658444874,16.65706051873199
1,3.4615001107517043,12.71551724137931,3.9001406920121013,16.42651296829971
1,3.4668339032875863,12.715179968701095,3.901658584445303,16.65706051873199
1,3.471732911310698,12.71484375,3.867629908196937,17.002881844380404
1,3.4767455693922544,12.714508580343214,3.8333504156033564,17.060518731988473
1,3.4821348513427535,12.71417445482866,3.8166398848256757,17.521613832853024
1,3.4859212247948896,12.752721617418352,3.806783670653945,17.98270893371758
1,3.491907379501744,12.752329192546584,3.7904437291457356,18.847262247838618
1,3.49740253435938,12.732558139534884,3.779566614309214,19.077809798270895
1,3.502756204103169,12.73219814241486,3.7907789280887023,19.135446685878964
1,3.5069010251446775,12.77047913446677,3.796297558991041,18.962536023054756
1,3.511671918316891,12.789351851851851,3.7877560782542425,18.904899135446687
1,3.5178453614837246,12.76964560862866,3.7792324492458924,18.904899135446687
1,3.5239756897876138,12.75,3.816083580667522,18.73198847262248
1,3.5284934668164505,12.768817204301076,3.863062151016728,18.213256484149856
1,3.534536759790621,12.749233128834355,3.856222105465726,18.270893371757925
1,3.5399981627338812,12.748851454823889,3.8313935055710755,18.040345821325648
1,3.545481828325673,12.748470948012232,3.8061215921481084,17.86743515850144
1,3.550582404826817,12.748091603053435,3.7861375424169723,17.98270893371758
1,3.5540870644544302,12.785823170731707,3.809404514901649,17.7521613832853
1,3.559233885062368,12.785388127853881,3.797883819325179,17.80979827089337
1,3.5626147198049645,12.803951367781155,3.801001501522855,18.097982708933717
1,3.567645371587653,12.803490136570561,3.8202191442937896,17.46397694524496
1,3.573643294133638,12.803030303030303,3.8570566693758637,15.734870317002882
1,3.579017598378031,12.821482602118003,3.862658495177871,15.504322766570604
1,3.5830315022092116,12.83987915407855,3.880120460888208,15.85014409221902
1,3.5883452255474895,12.820512820512821,3.8861028532828055,16.945244956772335
1,3.5932631006366327,12.838855421686747,3.8962377447137087,17.46397694524496
1,3.5979273262776825,12.87593984962406,3.9010346430237943,18.097982708933717
1,3.6035811951285917,12.894144144144144,3.8479920422426566,19.077809798270895
1,3.608864614210631,12.893553223388306,3.8236190921150595,19.827089337175792
1,3.6136678388244228,12.911676646706587,3.7982336760665962,20.288184438040346
1,3.6183225170562143,12.929745889387146,3.7776320486024777,20.518731988472624
1,3.622975436637276,12.947761194029852,3.764892152926889,19.88472622478386
1,3.6288079945664657,12.947093889716841,3.7699151116032756,19.30835734870317
1,3.6343382358551026,12.946428571428571,3.770687738321893,19.020172910662826
1,3.638571240400013,12.964338781575037,3.7835755029581657,18.73198847262248
1,3.644949197141748,12.945103857566766,3.7810941852182838,18.61671469740634
1,3.6506685131474543,12.925925925925926,3.757029774002216,18.67435158501441
1,3.6555167389543435,12.925295857988166,3.7476127444324407,18.847262247838618
1,3.6608041239412206,12.906203840472674,3.7483293933253132,19.135446685878964
1,3.6642042420412366,12.942477876106194,3.7510907034720145,19.2507204610951
1,3.6694215890608337,12.923416789396171,3.754009535785095,19.135446685878964
1,3.6736814665166957,12.959558823529411,3.756093689922913,19.481268011527376
1,3.6784163042118676,12.958883994126285,3.7540491583160542,19.654178674351584
1,3.683032770219602,12.958211143695015,3.7522619792393277,19.654178674351584
1,3.6885878967611414,12.957540263543192,3.74539527036078,20.11527377521614
1,3.6937911413217845,12.975146198830409,3.7448248632492556,19.94236311239193
1,3.6985789841727206,12.992700729927007,3.74089950899924,19.769452449567723
1,3.7046550383693293,12.991982507288629,3.7450482383851083,19.88472622478386
1,3.7099512141001854,12.991266375545852,3.7535677494541293,20.172910662824208
1,3.7147038375076495,12.990552325581396,3.764915179547077,20.288184438040346
1,3.7199298585716045,13.007982583454282,3.7673287116986813,20.403458213256485
1,3.7252664983272554,13.007246376811594,3.765937261317732,20.518731988472624
1,3.7305687443206184,13.006512301013025,3.7685407460559897,21.037463976945244
1,3.7360446230361335,13.023843930635838,3.7723166601998463,21.498559077809798
1,3.7416641916099347,13.023088023088023,3.7777059451775616,21.556195965417867
1,3.7459912893019225,13.040345821325648,3.7674147467459402,21.729106628242075
1,3.7504894002487785,13.093525179856115,3.756568128612184,21.786743515850144
1,3.7552569069360433,13.092672413793103,3.746628999710083,21.613832853025936
1,3.760336210853175,13.109756097560975,3.741738398503598,21.613832853025936
1,3.7651220287147322,13.12679083094556,3.738701213889408,21.613832853025936
1,3.770310201770381,13.143776824034335,3.7351598618766677,21.498559077809798
1,3.774844316118642,13.178571428571429,3.7350399010741766,21.26801152737752
1,3.7790086557990628,13.19543509272468,3.7438128939422044,20.864553314121036
1,3.784426724283319,13.194444444444445,3.742469122882263,20.922190201729105
1,3.7900697356776187,13.193456614509246,3.727259786447622,21.037463976945244
1,3.7961469273818165,13.174715909090908,3.7084057100357546,21.44092219020173
1,3.801095787788692,13.173758865248226,3.704381793325398,22.19020172910663
1,3.806395614460895,13.172804532577903,3.7103272187545002,22.420749279538907
1,3.810731058999112,13.207213578500708,3.712162243056407,22.76657060518732
1,3.8169696525523538,13.188559322033898,3.7545450788489134,22.13256484149856
1,3.8219024962500523,13.205218617771509,3.7506616500116166,21.21037463976945
1,3.825653220164148,13.257042253521126,3.749677150480209,20.80691642651297
1,3.830734243204719,13.255977496483826,3.7672620764525804,20.345821325648416
1,3.8364646224599137,13.237359550561798,3.697604628751904,21.44092219020173
1,3.840942853375485,13.253856942496494,3.6761066737812236,22.01729106628242
1,3.8456819600180574,13.25280112044818,3.66912275854893,21.671469740634006
1,3.851009795853966,13.26923076923077,3.6891219517052996,21.32564841498559
1,3.85568667367885,13.285614525139664,3.7488353977554953,20.979827089337174
1,3.8626141959115077,13.267085076708508,3.669478018712338,22.07492795389049
1,3.8675439956941102,13.28342618384401,3.6633376339064214,22.363112391930837
1,3.872878077469374,13.264951321279556,3.674023487600863,22.76657060518732
1,3.8794125974178315,13.246527777777779,3.6929436202422816,22.76657060518732
1,3.88552448341721,13.228155339805825,3.721947207428893,23.112391930835734
1,3.889497122952813,13.244459833795014,3.746092399693854,23.170028818443804
1,3.8946791219083887,13.243430152143844,3.770959614608694,22.478386167146976
1,3.8993386350179975,13.276933701657459,3.797137865822436,21.729106628242075
1,3.904326340712999,13.293103448275861,3.806412713318926,20.518731988472624
1,3.9100141396648005,13.292011019283747,3.8152427200897496,19.423631123919307
1,3.914185037110981,13.325309491059148,3.825039695484847,18.67435158501441
1,3.919024593265433,13.324175824175825,3.8361448263792397,18.73198847262248
1,3.9248329008880414,13.323045267489713,3.773454940813478,20.230547550432277
1,3.9303003722115566,13.304794520547945,3.7604683049812846,21.21037463976945
1,3.9345737033768704,13.337893296853625,3.7520881852796,22.07492795389049
1,3.94040073815145,13.319672131147541,3.75387151779667,21.902017291066283
1,3.9456187069416044,13.31855388813097,3.754967044575423,21.844380403458214
1,3.9518545555441005,13.300408719346049,3.7493355515915128,21.498559077809798
1,3.9580720904626343,13.282312925170068,3.754663825584447,21.902017291066283
1,3.9622608100113115,13.315217391304348,3.7391257011395993,21.38328530259366
1,3.9677297745880327,13.314111261872457,3.742273865756901,20.80691642651297
1,3.973679044685866,13.296070460704607,3.7485543077442505,20.403458213256485
1,3.979154289709894,13.294993234100135,3.762176335681968,19.88472622478386
1,3.9844553812554007,13.29391891891892,3.7536242744340327,19.769452449567723
1,3.98908851146698,13.29284750337382,3.738472688033284,19.827089337175792
1,3.994513189792633,13.29177897574124,3.737765353945543,19.827089337175792
1,4.000299634431538,13.273889636608345,3.7651394457311675,19.2507204610951
1,4.005350461131648,13.272849462365592,3.8088726195322202,18.55907780979827
1,4.008465498685837,13.322147651006711,3.88819090671803,16.772334293948127
1,4.013989895582199,13.321045576407506,3.790082128366567,18.962536023054756
1,4.018594037231646,13.336680053547523,3.7772426209691483,18.962536023054756
1,4.023719774421893,13.352272727272727,3.7427625139737457,19.077809798270895
1,4.029690292634462,13.334445927903872,3.7549291557980022,20.0
1,4.03490554219798,13.35,3.805626097912063,21.21037463976945
1,4.039658155566768,13.365512649800266,3.8472330614169072,21.38328530259366
1,4.044119781255722,13.397606382978724,3.8630059336737004,21.38328530259366
1,4.049306912798631,13.396414342629482,3.8588927890847904,21.556195965417867
1,4.053972598753478,13.39522546419098,3.842167794979113,21.556195965417867
1,4.058603057422136,13.410596026490067,3.8225653940631497,21.556195965417867
1,4.063418043914594,13.442460317460318,3.801006514905235,21.959654178674352
1,4.069012850836704,13.44121532364597,3.7727256656242405,21.729106628242075
1,4.074969680058329,13.423482849604222,3.762666908826696,22.363112391930837
1,4.078329096028679,13.488142292490119,3.737454034216393,22.19020172910663
1,4.083415349219974,13.485921290959986,3.722567370410339,22.01729106628242
2,0.006332021010549445,12.5,3.836425171469763,18.270893371757925
2,0.012467859920702483,12.5,3.821576664524694,19.596541786743515
2,0.017195940645117508,12.5,3.8083739214778496,20.0
2,0.02240360096881264,12.5,3.841686819006221,18.73198847262248
2,0.027949013835505434,12.5,3.9865663930567727,16.023054755043226
2,0.032404061053928575,16.666666666666668,4.187702072380874,13.141210374639769
2,0.037256812108190436,16.071428571428573,4.152176253806611,12.853025936599424
2,0.04269767215377406,15.625,4.023792428355063,15.27377521613833
2,0.0477365233396229,13.88888888888889,3.978799371675412,17.98270893371758
2,0.05324168550340753,13.75,4.100138969685076,15.90778097982709
2,0.05925092979481346,12.5,4.184856597179642,14.409221902017292
2,0.06502353423520138,12.5,4.149321756055278,14.697406340057636
2,0.07075060449148479,12.5,4.0020655728704915,16.42651296829971
2,0.07566611108027006,12.5,3.967235345444921,16.887608069164266
2,0.0805838123748177,15.0,5.431780941475371,11.412103746397694
2,0.08753383191008317,14.0625,3.996752835638512,17.40634005763689
2,0.09234768999250312,14.705882352941176,4.014853140176166,16.887608069164266
2,0.09698590604882491,15.277777777777779,4.0680281434740335,14.351585014409222
2,0.10266439663736444,14.473684210526315,4.224123918515746,11.527377521613833
2,0.10729700828853407,15.625,4.251870514610396,11.469740634005763
2,0.11337039407930877,14.880952380952381,4.072841422349077,14.409221902017292
2,0.11793412283847207,15.909090909090908,3.9824083631489136,17.521613832853024
2,0.12257863063561289,16.304347826086957,3.9459002776080014,19.020172910662826
2,0.12871793790867453,15.625,3.8636071649015222,19.88472622478386
2,0.13493248004662364,15.0,4.239593141089936,12.737752161383286
2,0.14054985767916628,14.903846153846153,5.141693556913033,6.455331412103747
2,0.14712848255508823,14.351851851851851,4.645847583146689,8.760806916426512
2,0.1522770759306456,14.285714285714286,4.151586145849272,14.927953890489913
2,0.15691802721274525,15.086206896551724,3.8707824874034125,18.904899135446687
2,0.16213500468354475,15.0,3.850037707711145,19.596541786743515
2,0.1684219551713843,14.516129032258064,3.8642675492071334,18.962536023054756
2,0.17345226187455026,14.453125,3.8478421868267145,19.596541786743515
2,0.17725819223805478,14.772727272727273,3.808200705435968,20.864553314121036
2,0.18151494233231796,15.441176470588236,3.8002289594043783,20.864553314121036
2,0.18624971791317588,15.714285714285714,3.810175651778823,20.69164265129683
2,0.19102471564945422,16.319444444444443,3.8102395633398665,20.69164265129683
2,0.19578670388773867,16.89189189189189,3.813705057592436,20.69164265129683
2,0.19914953269456562,17.763157894736842,3.9047950390846498,20.576368876080693
2,0.20570029647726762,17.628205128205128,3.815019647097258,21.38328530259366
2,0.2090481532247443,18.125,3.8138779989585347,21.38328530259366
2,0.21432383562389173,17.98780487804878,3.8340335375702326,20.979827089337174
2,0.21889416763657019,18.154761904761905,3.8537116731916154,18.61671469740634
2,0.22182108979476126,18.8953488372093,3.862254749245358,17.98270893371758
2,0.22639643518548264,19.03409090909091,3.924881614298315,15.561959654178674
2,0.23147134247579074,18.88888888888889,3.942938783751105,15.965417867435159
2,0.23664185122439735,18.75,3.930927150260468,17.92507204610951
2,0.24391065835952758,18.351063829787233,3.8141301524254585,21.44092219020173
2,0.2492758926592375,18.229166666666668,3.803288095008393,21.44092219020173
2,0.25506007420389276,18.112244897959183,3.8153536737239855,21.38328530259366
2,0.25827023167359203,18.75,3.8434727060080673,20.922190201729105
2,0.26302288080516617,18.627450980392158,3.8697068570396316,20.172910662824208
2,0.26731160628168205,18.509615384615383,3.9025715968575896,19.077809798270895
2,0.2719142148369237,18.632075471698112,3.9288872771548786,18.501440922190202
2,0.27702503769021286,18.75,3.9696392024167673,18.213256484149856
2,0.28185678344023857,18.863636363636363,3.9667137427264096,17.86743515850144
2,0.28713767340308743,18.75,3.930442550764655,18.73198847262248
2,0.29020799084713583,19.29824561403509,3.9277905813559957,19.423631123919307
2,0.2951277522664321,19.18103448275862,3.873816492370746,20.345821325648416
2,0.29985658526420594,19.06779661016949,3.826352781963788,21.21037463976945
2,0.30414124821361743,19.375,3.7915388241341588,21.095100864553313
2,0.30930161946698237,19.262295081967213,3.785002907300325,21.152737752161382
2,0.3137187117024472,19.758064516129032,3.78159599919473,21.44092219020173
2,0.31846490314132286,20.03968253968254,3.770838975906372,21.844380403458214
2,0.324011357520756,19.921875,3.762469143362089,21.786743515850144
2,0.3285030694384324,20.0,3.743600037790114,22.19020172910663
2,0.3349305118385114,19.696969696969695,3.736584119533064,22.305475504322768
2,0.3403699269420222,19.58955223880597,3.73356059399618,22.363112391930837
2,0.3453716710994118,19.485294117647058,3.749676041888751,22.13256484149856
2,0.35099125347639387,19.384057971014492,3.7974668845602992,21.498559077809798
2,0.3551844932531056,19.642857142857142,3.8747806395253828,21.037463976945244
2,0.3591320536638561,19.8943661971831,3.944474255434379,20.288184438040346
2,0.362821007088611,20.13888888888889,4.036241631354055,20.0
2,0.3664481094008998,20.205479452054796,4.174561206096878,19.711815561959654
2,0.37273304713399785,20.10135135135135,3.8504220516450944,20.230547550432277
2,0.3777641020323101,20.166666666666668,3.74477968787268,22.478386167146976
2,0.38212350324580546,20.394736842105264,3.8314035433228666,21.037463976945244
2,0.3868365017991317,20.77922077922078,3.8567583000605006,20.518731988472624
2,0.3914953416899631,20.833333333333332,3.8530969773569415,20.864553314121036
2,0.3953371509125358,21.360759493670887,3.8072596760938793,21.671469740634006
2,0.40016661788287916,21.5625,3.7621474584676156,22.824207492795388
2,0.40501590841694884,21.75925925925926,3.7327252631912584,22.997118155619596
2,0.4103880719134682,21.646341463414632,3.7193534242392685,23.054755043227665
2,0.41538505209119697,21.686746987951807,3.71402242765998,22.824207492795388
2,0.4197818360830608,21.875,3.727961505063668,22.19020172910663
2,0.4247656430068769,21.764705882352942,3.739373816872522,21.671469740634006
2,0.4295811524516658,21.802325581395348,3.7865202536780713,21.095100864553313
2,0.4353661132486243,21.695402298850574,3.731833420590871,21.037463976945244
2,0.4400210026063417,21.59090909090909,3.6946808390903034,21.844380403458214
2,0.4454361686581059,21.48876404494382,3.6894140419322774,21.786743515850144
2,0.44952310574682136,21.52777777777778,3.6901888792415916,21.729106628242075
2,0.4539323609126242,21.428571428571427,3.6959704792444605,21.786743515850144
2,0.45750976393097326,21.73913043478261,3.7305333054010767,20.979827089337174
2,0.4621577429144006,21.774193548387096,3.8025161176233246,19.654178674351584
2,0.4678932218175185,21.80851063829787,3.7533535693647675,19.827089337175792
2,0.4738462319499568,21.710526315789473,3.7338366167885915,20.461095100864554
2,0.4792436728351995,21.614583333333332,3.781508105141776,19.19308357348703
2,0.48351484819462426,21.90721649484536,3.8387864163394347,18.386167146974064
2,0.48749115843521923,22.066326530612244,3.85896882922968,17.46397694524496
2,0.49296521575827346,21.96969696969697,3.8791767276377174,17.060518731988473
2,0.4963633781985233,22.25,3.8648441672874485,16.945244956772335
2,0.501077265488474,22.277227722772277,3.8414722378902173,17.521613832853024
2,0.506155276298523,22.181372549019606,3.808179554302022,18.443804034582133
2,0.5120035711087678,21.966019417475728,3.763167558177825,19.538904899135446
2,0.5164107328967045,22.115384615384617,3.728803740119055,20.69164265129683
2,0.5217129180305883,22.023809523809526,3.7156518736193256,21.959654178674352
2,0.5266457670613339,22.169811320754718,3.7093028912346484,22.2478386167147
2,0.5310148210901963,22.429906542056074,3.708839720844673,22.19020172910663
2,0.5349405467510223,22.453703703703702,3.7222366530774376,21.613832853025936
2,0.539622932358792,22.591743119266056,3.7281421988790484,21.498559077809798
2,0.5447431564331054,22.613636363636363,3.709496368460941,21.729106628242075
2,0.5486513752686349,22.74774774774775,3.67663838566723,22.13256484149856
2,0.5538128369732906,22.767857142857142,3.644339315352901,22.13256484149856
2,0.5584286554863579,22.787610619469028,3.619056631343156,22.939481268011527
2,0.5625832071429805,22.916666666666668,3.6125984323738907,22.824207492795388
2,0.568583556539134,22.82608695652174,3.609372638886975,22.824207492795388
2,0.5733993514588005,22.844827586206897,3.6218223088347967,22.881844380403457
2,0.5775635512251603,22.97008547008547,3.641107802017493,22.939481268011527
2,0.582869049122459,22.77542372881356,3.652689778859714,22.939481268011527
2,0.5865188896656036,22.899159663865547,3.6635203174731696,22.824207492795388
2,0.5919210123388391,22.916666666666668,3.6616236515308853,23.112391930835734
2,0.5965855727070256,23.037190082644628,3.6400085813988188,23.34293948126801
2,0.6003004736021945,23.05327868852459,3.6164241672111546,23.40057636887608
2,0.6049456932042775,23.06910569105691,3.618378244786768,23.34293948126801
2,0.6108535506223377,22.883064516129032,3.607744426771243,23.57348703170029
2,0.6151004160705366,22.9,3.6085650316581197,23.746397694524497
2,0.6217355041127456,22.71825396825397,3.6003782727201963,23.861671469740635
2,0.6267297622404601,22.637795275590552,3.593906805811939,23.688760806916427
2,0.6312161081715634,22.75390625,3.5804570896834274,23.51585014409222
2,0.6362892815941259,22.674418604651162,3.563153093311644,23.51585014409222
2,0.6407899734221006,22.596153846153847,3.553799908282021,23.57348703170029
2,0.6440632161341215,22.80534351145038,3.5482513816675283,23.227665706051873
2,0.6489338652083748,22.821969696969695,3.5603953440617855,22.881844380403457
2,0.6525306585587953,22.93233082706767,3.583833060506302,22.70893371757925
2,0.6568827418904556,23.041044776119403,3.614494653890759,22.70893371757925
2,0.6596192328553451,23.14814814814815,3.650630415309959,22.53602305475504
2,0.6644237800648338,23.253676470588236,3.689012003933779,22.363112391930837
2,0.6689641061582063,23.266423357664234,3.728584971296073,22.305475504322768
2,0.6720279282645175,23.46014492753623,3.6539423927184074,22.70893371757925
2,0.6764361679553985,23.471223021582734,3.5939229078556534,23.054755043227665
2,0.6800516536361293,23.482142857142858,3.578000067016496,23.40057636887608
2,0.6834855794906616,23.670212765957448,3.576502234705033,23.40057636887608
2,0.6894975586941368,23.591549295774648,3.5760490487797467,23.054755043227665
2,0.6932330266425484,23.68881118881119,3.5502011655113113,22.59365994236311
2,0.6984028954254954,23.61111111111111,3.531970637185233,22.824207492795388
2,0.702922196764695,23.620689655172413,3.5359605984753726,23.34293948126801
2,0.7077361834676642,23.63013698630137,3.5427425204334173,23.45821325648415
2,0.712041247518439,23.639455782312925,3.5420838270319224,23.631123919308358
2,0.716594576208215,23.64864864864865,3.5332660806893204,23.861671469740635
2,0.7203706562519073,23.65771812080537,3.5277575545596638,23.51585014409222
2,0.7239798216443313,23.75,3.529209158936953,23.227665706051873
2,0.7284715310523384,23.67549668874172,3.5254283813836937,23.51585014409222
2,0.734597638092543,23.519736842105264,3.4808258471950406,24.72622478386167
2,0.7389045037721332,23.61111111111111,3.4746526924695837,25.417867435158502
2,0.7433937276664533,23.62012987012987,3.4863003959304177,25.53314121037464
2,0.7488830293479719,23.548387096774192,3.5106970417884087,25.360230547550433
2,0.7525823514712484,23.637820512820515,3.532207030854467,24.438040345821324
2,0.7576511499128844,23.726114649681527,3.506300820183644,25.302593659942364
2,0.762173340822521,23.734177215189874,3.4812358788081577,25.53314121037464
2,0.7677780207834746,23.58490566037736,3.4535855878882695,26.05187319884726
2,0.7717017205137956,23.671875,3.4837471438992407,25.187319884726225
2,0.7762584676868037,23.680124223602483,3.5198951789311,24.72622478386167
2,0.7811544970462196,23.688271604938272,3.510472806368006,24.553314121037463
2,0.7871640054803145,23.619631901840492,3.4593101695935298,24.84149855907781
2,0.793031548826318,23.551829268292682,3.422894183941151,25.53314121037464
2,0.7971538863684001,23.484848484848484,3.4237095403231783,25.302593659942364
2,0.8013575196266174,23.49397590361446,3.440317430254501,25.53314121037464
2,0.8062453630723452,23.42814371257485,3.452911851592877,25.302593659942364
2,0.8110325210972836,23.4375,3.5045665837652673,24.380403458213255
2,0.8159841920200147,23.44674556213018,3.5735467639386926,23.285302593659942
2,0.821306394275866,23.38235294117647,3.618985490864872,22.420749279538907
2,0.8267627540387605,23.318713450292396,3.6166625275589905,22.478386167146976
2,0.832047218398044,23.25581395348837,3.598241247339732,22.76657060518732
2,0.8366551948221106,23.19364161849711,3.5802940306026265,23.285302593659942
2,0.8400533167939437,23.275862068965516,3.569358910283735,23.40057636887608
2,0.8459940301744562,23.285714285714285,3.550271215526739,23.746397694524497
2,0.8494634308313068,23.366477272727273,3.542523231923855,23.746397694524497
2,0.855113328758039,23.305084745762713,3.52397647706045,24.322766570605186
2,0.8603680557326266,23.24438202247191,3.5166909595788347,24.610951008645532
2,0.8667639277483288,23.114525139664803,3.538360416614515,24.72622478386167
2,0.8720149789985857,23.055555555555557,3.562067004392773,23.746397694524497
2,0.8759816439528214,23.135359116022098,3.5952143938310686,22.76657060518732
2,0.8815575480461121,23.00824175824176,3.6324852941223003,22.19020172910663
2,0.8863518601969669,23.01912568306011,3.6476373112146754,22.305475504322768
2,0.8913207675281324,23.097826086956523,3.652721787377986,22.2478386167147
2,0.8968011780789024,22.972972972972972,3.6364671744509227,22.420749279538907
2,0.9016414071384229,22.916666666666668,3.6400725742638933,22.2478386167147
2,0.9070611332592211,22.794117647058822,3.6314466252304993,22.881844380403457
2,0.9112392670229862,22.805851063829788,3.648574609360937,22.881844380403457
2,0.9163062679140191,22.75132275132275,3.620584405512304,23.631123919308358
2,0.9209654469239085,22.763157894736842,3.6079093113472935,23.804034582132566
2,0.9253903276041935,22.774869109947645,3.6024852139609203,24.438040345821324
2,0.9292438023968747,22.8515625,3.594702754701887,24.72622478386167
2,0.9348636319762782,22.797927461139896,3.58525574591852,24.6685878962536
2,0.9385942220687866,22.873711340206185,3.5775163766975226,24.78386167146974
2,0.9435378576579847,22.82051282051282,3.568861041750227,24.553314121037463
2,0.9483655245680558,22.831632653061224,3.5461875667220437,24.322766570605186
2,0.9510851392620489,23.096446700507613,3.515412025737323,24.380403458213255
2,0.9562225084555777,22.97979797979798,3.4909222576475365,24.495677233429394
2,0.960109219425603,23.05276381909548,3.4853826557985648,24.322766570605186
2,0.9650246118244372,23.0625,3.5073688310412217,24.84149855907781
2,0.9680815395555998,23.196517412935325,3.522685706890124,25.014409221902017
2,0.9740552883399161,23.081683168316832,3.538172680112074,25.014409221902017
2,0.976575916064413,23.275862068965516,3.5361052405449653,24.956772334293948
2,0.9819992347767479,23.284313725490197,3.5399462748233073,25.244956772334294
2,0.987227033313952,23.29268292682927,3.499413004668627,25.187319884726225
2,0.9934595986416466,23.240291262135923,3.4516177875105685,25.59077809798271
2,0.9974127452624472,23.309178743961354,3.4717794052466817,25.70605187319885
2,1.0023573690339138,23.25721153846154,3.5337826579397174,25.014409221902017
2,1.0074855553476434,23.205741626794257,3.630495424644189,23.34293948126801
2,1.0126406299440485,23.154761904761905,3.675392591458861,23.227665706051873
2,1.016579672537352,23.222748815165875,3.677754339534566,24.322766570605186
2,1.0213085641986446,23.2311320754717,3.67344479187293,24.207492795389047
2,1.0258476815725628,23.239436619718308,3.664690504425682,23.631123919308358
2,1.0302474661877281,23.30607476635514,3.6485242393159645,22.824207492795388
2,1.0355898104215924,23.25581395348837,3.6261747971108433,22.363112391930837
2,1.0396709598993,23.26388888888889,3.593247984960881,22.2478386167147
2,1.0454291588381717,23.214285714285715,3.5672659148818338,22.07492795389049
2,1.0502729152378283,23.222477064220183,3.562455737645725,22.07492795389049
2,1.0541605205912339,23.28767123287671,3.576746320944228,21.959654178674352
2,1.057184337628515,23.40909090909091,3.6085921657799576,21.902017291066283
2,1.059607985458876,23.585972850678733,3.646634153506723,21.26801152737752
2,1.0646472764642616,23.536036036036037,3.648701485400925,20.979827089337174
2,1.068922793865204,23.486547085201792,3.632577873045398,21.037463976945244
2,1.0728977366497643,23.493303571428573,3.640215136488462,21.38328530259366
2,1.0778947867845234,23.444444444444443,3.6678096929453483,22.363112391930837
2,1.0822767151029486,23.506637168141594,3.7534033999465026,21.959654178674352
2,1.0877456119186,23.45814977973568,3.7875451074767224,21.498559077809798
2,1.0933094407382764,23.355263157894736,3.799870549259098,21.44092219020173
2,1.0978000393039302,23.41703056768559,3.809163191351473,21.38328530259366
2,1.1012917299019662,23.58695652173913,3.7858918152646535,21.095100864553313
2,1.1067738351068999,23.484848484848484,3.7668181685258717,21.32564841498559
2,1.1106838075738203,23.545258620689655,3.73217666698491,21.959654178674352
2,1.1147459610512382,23.49785407725322,3.7013712764335667,22.01729106628242
2,1.1197987741545627,23.504273504273506,3.6479546727123346,22.70893371757925
2,1.1253736179125937,23.404255319148938,3.6113743963329474,22.939481268011527
2,1.1304638733989314,23.305084745762713,3.596922940922223,23.112391930835734
2,1.1350268903531526,23.364978902953588,3.599069578856367,23.054755043227665
2,1.1397521028393194,23.42436974789916,3.6005250605570005,23.170028818443804
2,1.1449426403171137,23.326359832635983,3.558866372306226,23.746397694524497
2,1.1482577712912307,23.4375,3.529179803786739,25.072046109510087
2,1.1538766459414833,23.3402489626556,3.4854571506175027,25.072046109510087
2,1.1580886332612288,23.39876033057851,3.4680855559863253,25.014409221902017
2,1.161794074899272,23.45679012345679,3.485234862648397,24.84149855907781
2,1.1668183505535126,23.46311475409836,3.5031997509266373,24.553314121037463
2,1.1714005467138793,23.46938775510204,3.519810632626582,24.495677233429394
2,1.1764286204388268,23.42479674796748,3.5290899089953864,24.380403458213255
2,1.180046065857536,23.481781376518217,3.5273735666055286,24.322766570605186
2,1.1853420728131345,23.4375,3.5113272458177556,24.380403458213255
2,1.1900154615703382,23.443775100401606,3.5002375522516838,23.976945244956774
2,1.195668175345973,23.45,3.464725915188064,24.438040345821324
2,1.198901513375734,23.55577689243028,3.4466725554883753,24.72622478386167
2,1.2026692462594886,23.561507936507937,3.4308452358992967,24.78386167146974
2,1.2066098225744146,23.616600790513836,3.4216620806724793,24.956772334293948
2,1.2107304315817984,23.671259842519685,3.409030464387709,25.244956772334294
2,1.2148518016463832,23.676470588235293,3.4049834309635076,25.187319884726225
2,1.2188903297248639,23.73046875,3.403247166888505,25.187319884726225
2,1.2232210482421675,23.784046692607003,3.404282813247997,25.302593659942364
2,1.2283851193754296,23.74031007751938,3.4070692485378635,25.360230547550433
2,1.2339141353180534,23.6969111969112,3.4022917500289354,25.417867435158502
2,1.2388931723017442,23.653846153846153,3.4057675583571334,25.99423631123919
2,1.243105089978168,23.70689655172414,3.4130607684087093,25.878962536023053
2,1.247394103125522,23.759541984732824,3.424974001497717,25.99423631123919
2,1.2510769781313444,23.811787072243344,3.431643458555371,25.763688760806918
2,1.2554831561289335,23.81628787878788,3.4277021324579615,25.763688760806918
2,1.2597001314163208,23.867924528301888,3.430390548046833,25.59077809798271
2,1.2642958876333739,23.919172932330827,3.4141741870185744,26.340057636887607
2,1.2680152507204758,23.970037453183522,3.411994233658786,26.397694524495677
2,1.272488741811953,23.92723880597015,3.4040123383570378,26.455331412103746
2,1.277297307943043,23.931226765799256,3.3901893180636216,25.878962536023053
2,1.2822223192767093,23.935185185185187,3.372284966679762,25.821325648414987
2,1.286016421569021,23.985239852398525,3.354423783891212,25.417867435158502
2,1.2918403631762454,23.897058823529413,3.340593256159312,25.417867435158502
2,1.2956850249516336,23.9010989010989,3.3360606019947388,25.53314121037464
2,1.2988327713389145,23.9507299270073,3.3355383955388573,25.187319884726225
2,1.3026101987612875,23.954545454545453,3.3507659803337764,24.72622478386167
2,1.3069199910289362,23.958333333333332,3.365178452658763,24.610951008645532
2,1.3113882538519408,24.0072202166065,3.3658944461752194,24.956772334293948
2,1.3149538469941993,24.055755395683452,3.378405862140216,25.129682997118156
2,1.320921075030377,24.014336917562723,3.390216703788476,25.302593659942364
2,1.327505759502712,23.928571428571427,3.422149684572,25.072046109510087
2,1.3323260037522566,23.887900355871885,3.433168468936797,24.956772334293948
2,1.3375618426423324,23.847517730496453,3.446750772713516,25.129682997118156
2,1.3428607834012884,23.807420494699645,3.4376399659890735,25.360230547550433
2,1.3480179046329699,23.767605633802816,3.428762400754586,25.417867435158502
2,1.353286571879136,23.728070175438596,3.4217683411962976,25.360230547550433
2,1.358355774063813,23.645104895104897,3.4378691774359496,25.417867435158502
2,1.3628880911751797,23.606271777003485,3.4782564618071103,25.244956772334294
2,1.3686682905021468,23.524305555555557,3.5096557085415183,25.072046109510087
2,1.3719163411541988,23.57266435986159,3.5067884218857586,25.072046109510087
2,1.3766046018976914,23.57758620689655,3.4800985639545776,25.072046109510087
2,1.3809127625666167,23.582474226804123,3.469784453717245,24.78386167146974
2,1.3856928596371099,23.58732876712329,3.469775643766201,24.380403458213255
2,1.3906587638353047,23.549488054607508,3.4211684893902548,25.244956772334294
2,1.3924383066202466,23.681972789115648,3.380077385133313,25.936599423631122
2,1.3963280837786824,23.6864406779661,3.3537866146333757,25.821325648414987
2,1.4015018591755315,23.64864864864865,3.336408882097165,26.05187319884726
2,1.4050743711622138,23.695286195286194,3.3323835815702165,26.628242074927954
2,1.4109173661784122,23.65771812080537,3.332646110090792,26.743515850144092
2,1.4158084461563512,23.662207357859533,3.3379069440375826,26.85878962536023
2,1.4212219853150216,23.625,3.3761803202914753,26.10951008645533
2,1.4273558503703068,23.588039867109636,3.460281664325345,25.014409221902017
2,1.4315948260457891,23.6341059602649,3.5541737771803334,23.40057636887608
2,1.4366140500495308,23.597359735973598,3.507302433664348,23.804034582132566
2,1.440126391461021,23.68421052631579,3.411441489848124,24.322766570605186
2,1.4436602012107247,23.729508196721312,3.3624786583509314,25.244956772334294
2,1.4478126419217963,23.733660130718953,3.333760908671788,25.59077809798271
2,1.4528119300541125,23.697068403908794,3.3289704509594475,24.956772334293948
2,1.457678925363641,23.7012987012987,3.328793505369793,24.956772334293948
2,1.461547338021429,23.705501618122977,3.3433815328756236,24.78386167146974
2,1.4656005831141221,23.75,3.3648151939365722,24.84149855907781
2,1.4685410659564169,23.874598070739548,3.3799922164134717,24.72622478386167
2,1.4730664899474697,23.878205128205128,3.389713059921968,24.6685878962536
2,1.4774763991958217,23.881789137380192,3.387078613180169,24.438040345821324
2,1.4816385005649768,23.96496815286624,3.371615088480409,24.84149855907781
2,1.4856501205971366,23.96825396825397,3.3648133074632987,24.78386167146974
2,1.4897575218426553,24.01107594936709,3.363231136502209,25.187319884726225
2,1.495175409003308,23.93533123028391,3.341040832106419,25.53314121037464
2,1.4996324322725598,23.89937106918239,3.319817405142542,25.47550432276657
2,1.5032466075922313,23.942006269592476,3.3028203946654147,25.763688760806918
2,1.506932364639483,23.9453125,3.283388411394462,25.99423631123919
2,1.5109645398039566,23.98753894080997,3.275339323804126,26.10951008645533
2,1.5152652420495685,23.990683229813666,3.273584188404171,26.22478386167147
2,1.5190625749136273,24.03250773993808,3.271992570244222,26.22478386167147
2,1.5232732048160151,23.996913580246915,3.270730922299047,26.685878962536023
2,1.5276221890198558,23.96153846153846,3.2795831256198444,26.455331412103746
2,1.5304752522393277,24.003067484662576,3.295893233492627,26.85878962536023
2,1.5342938100036823,24.00611620795107,3.312328381472469,27.03170028818444
2,1.5380735325185877,24.047256097560975,3.303489065390029,27.492795389048993
2,1.5417172933879653,24.088145896656535,3.2976304935420164,27.665706051873197
2,1.5456571058223123,24.09090909090909,3.3106885956179712,27.780979827089336
2,1.5498378248591171,24.093655589123866,3.357537080615347,27.896253602305475
2,1.5539443081931064,24.096385542168676,3.35385272799549,28.011527377521613
2,1.5571648277734456,24.136636636636638,3.3478194876200593,27.665706051873197
2,1.5621378650790767,24.101796407185628,3.332152743493357,27.723342939481267
2,1.5665809706637734,24.104477611940297,3.305656544074485,27.723342939481267
2,1.5717543219265184,24.032738095238095,3.312489346425105,26.9164265129683
2,1.5766579615442375,23.998516320474778,3.3708103746862457,25.821325648414987
2,1.5823000939268814,23.92751479289941,3.413402995206244,24.78386167146974
2,1.5872591031225105,23.893805309734514,3.434162455769728,24.207492795389047
2,1.5916550316308673,23.897058823529413,3.427441459646972,24.322766570605186
2,1.596323344268297,23.900293255131963,3.420834167212385,24.610951008645532
2,1.5998309568354958,23.940058479532162,3.395455175830472,25.129682997118156
2,1.6044664088048433,23.943148688046648,3.3826760223933627,25.360230547550433
2,1.608975931217796,23.90988372093023,3.3599373711968346,25.59077809798271
2,1.6134528912995991,23.8768115942029,3.345513181202972,25.936599423631122
2,1.618436548584386,23.807803468208093,3.328424538884844,26.10951008645533
2,1.6210835510178616,23.88328530259366,3.333033635319653,25.99423631123919
2,1.6263253550780448,23.850574712643677,3.329155492892463,25.99423631123919
2,1.6313626581116727,23.818051575931232,3.30635811491496,26.05187319884726
2,1.6367061850271727,23.821428571428573,3.2779173851013184,26.80115273775216
2,1.6401237713663201,23.86039886039886,3.2829581685879266,26.570605187319885
2,1.6435381766996886,23.970170454545453,3.3021211739509337,26.85878962536023
2,1.6470237656643516,24.043909348441925,3.30657022999179,27.146974063400577
2,1.651191528847343,24.081920903954803,3.3149759719998055,26.9164265129683
2,1.6564782199106718,24.049295774647888,3.331813956735321,27.089337175792508
2,1.6608743698973405,24.051966292134832,3.3492810363593737,27.146974063400577
2,1.6646068171450967,24.12464985994398,3.3654282505061768,26.340057636887607
2,1.668012777755135,24.196927374301676,3.3309670027499925,26.685878962536023
2,1.6713040609108774,24.338440111420613,3.287033793014315,27.319884726224785
2,1.6762211310236077,24.305555555555557,3.2424822825989965,27.435158501440924
2,1.6801496213988254,24.27285318559557,3.2146838941881732,28.12680115273775
2,1.68388586169795,24.30939226519337,3.200898216616723,28.645533141210375
2,1.6870622361961165,24.380165289256198,3.196313069712731,29.279538904899134
2,1.6909292657124368,24.416208791208792,3.1999552238921414,29.337175792507203
2,1.694865885220076,24.41780821917808,3.21536019485667,28.99135446685879
2,1.6978530858692369,24.487704918032787,3.241632147868108,28.587896253602306
2,1.7017583106693468,24.52316076294278,3.286594131575202,28.35734870317003
2,1.7059434724481481,24.52445652173913,3.3259464321048577,28.069164265129682
2,1.7097903562219519,24.525745257452574,3.312531198224714,27.723342939481267
2,1.7129292381437202,24.56081081081081,3.3098073225416895,27.319884726224785
2,1.7169742803824575,24.59568733153639,3.3118474857049054,27.262247838616716
2,1.7207221966040762,24.63037634408602,3.319372466632298,27.319884726224785
2,1.7255186244061118,24.597855227882036,3.3324213983825826,26.80115273775216
2,1.7318022357790093,24.532085561497325,3.3459341762252666,26.570605187319885
2,1.7366423318260595,24.5,3.3831806188354845,26.05187319884726
2,1.740441151669151,24.50132978723404,3.4198542141145274,25.936599423631122
2,1.7447300443523808,24.5026525198939,3.436246820309195,25.64841498559078
2,1.7484470621535653,24.603174603174605,3.417231759168036,25.763688760806918
2,1.7525390499516538,24.604221635883906,3.313911013888873,27.55043227665706
2,1.7566507126155653,24.57236842105263,3.2662444092710996,28.414985590778098
2,1.760686188622525,24.573490813648295,3.2526539256495814,28.414985590778098
2,1.7640469284434068,24.607329842931936,3.2621093647820607,27.838616714697405
2,1.7679977576983603,24.60835509138381,3.279021984421163,27.492795389048993
2,1.7720218862357893,24.674479166666668,3.2784080362539685,27.55043227665706
2,1.7764179825782775,24.707792207792206,3.2875522424548453,27.838616714697405
2,1.780871457802622,24.740932642487046,3.2954972125418176,27.723342939481267
2,1.7851166728295778,24.74160206718346,3.281601277364564,27.665706051873197
2,1.789856481552124,24.742268041237114,3.2731220749666066,27.492795389048993
2,1.7941692000941227,24.80719794344473,3.2743233277501047,27.204610951008647
2,1.7979759222582767,24.807692307692307,3.261820090531204,27.146974063400577
2,1.8021923777304198,24.808184143222505,3.273901777333378,27.608069164265128
2,1.8052928237538588,24.808673469387756,3.2807001842331776,27.377521613832855
2,1.808745910305726,24.872773536895675,3.3012142609890707,27.723342939481267
2,1.8132637422335776,24.841370558375633,3.3500292400061262,27.608069164265128
2,1.8164818148863944,24.90506329113924,3.3752835835179975,27.319884726224785
2,1.820042377082925,24.93686868686869,3.364821266468769,27.492795389048993
2,1.8245777691665448,24.937027707808564,3.3282289378654024,27.953890489913544
2,1.8290677108262714,24.905778894472363,3.2836649038824617,28.011527377521613
2,1.8324176967144012,24.93734335839599,3.267139172773757,27.953890489913544
2,1.838118658254021,24.875,3.2760741001999323,27.55043227665706
2,1.8432993986104664,24.84413965087282,3.2966393078527143,27.262247838616716
2,1.8479648803409776,24.813432835820894,3.3095685260087113,26.80115273775216
2,1.8522238367482236,24.78287841191067,3.3112715175074916,27.03170028818444
2,1.8548154203515304,24.814356435643564,3.275629382529017,27.838616714697405
2,1.8592076376864786,24.814814814814813,3.2151308696940197,28.24207492795389
2,1.8627074109880548,24.84605911330049,3.190846984287561,28.24207492795389
2,1.866581395111586,24.846437346437348,3.197079838695614,28.011527377521613
2,1.8710049340599462,24.846813725490197,3.2302012097450996,27.435158501440924
2,1.8746380733816248,24.877750611246945,3.2620395696657596,26.9164265129683
2,1.8757466206425115,25.03048780487805,3.2861734733054164,26.512968299711815
2,1.8798896557406375,25.060827250608273,3.2937320168666577,26.282420749279538
2,1.8840151642498217,25.091019417475728,3.277294541284236,25.99423631123919
2,1.886407721983759,25.21186440677966,3.244268093790327,26.80115273775216
2,1.8924032553246146,25.15096618357488,3.227117993315244,27.665706051873197
2,1.897366773141058,25.120481927710845,3.1983308363620035,27.780979827089336
2,1.903957039117813,25.060096153846153,3.1926087976051365,27.780979827089336
2,1.9087194310991387,25.059952038369303,3.1867613957224905,27.953890489913544
2,1.9111545920372008,25.14952153110048,3.188092061451503,27.608069164265128
2,1.9146781899427112,25.178997613365155,3.1940068770114176,27.492795389048993
2,1.9200780206605008,25.148809523809526,3.1911456315748152,27.377521613832855
2,1.9244488380457225,25.17814726840855,3.1682967474933044,27.377521613832855
2,1.927645730031164,25.23696682464455,3.156598344925911,27.55043227665706
2,1.9327466632190504,25.206855791962173,3.1548789080386888,27.665706051873197
2,1.9361627136406145,25.265330188679247,3.159091122139434,27.953890489913544
2,1.9411579612054324,25.235294117647058,3.1691011228869037,28.011527377521613
2,1.9440187884004492,25.322769953051644,3.1850069321794994,28.069164265129682
2,1.9480245561976182,25.35128805620609,3.196134672186891,27.723342939481267
2,1.950697471279847,25.4088785046729,3.211458651151525,27.723342939481267
2,1.956477228277608,25.37878787878788,3.2202590967652984,27.435158501440924
2,1.9607017771193855,25.406976744186046,3.2277534963897847,27.435158501440924
2,1.9649006978461616,25.406032482598608,3.233618008925618,27.55043227665706
2,1.9689567314951044,25.40509259259259,3.2415584095062746,27.55043227665706
2,1.9727718528948333,25.433025404157043,3.234850881835832,27.492795389048993
2,1.9755607893592433,25.518433179723502,3.2268921307155063,27.435158501440924
2,1.9786390947668175,25.54597701149425,3.2075630635160457,27.665706051873197
2,1.9847923112543007,25.487385321100916,3.1849166226277155,27.723342939481267
2,1.9905488538114648,25.429061784897026,3.1737158836856967,27.723342939481267
2,1.9952802444759168,25.399543378995435,3.161789095346829,28.011527377521613
2,1.9979393635925493,25.455580865603643,3.1584795345359136,27.780979827089336
2,2.0006202973817526,25.539772727272727,3.1588256809568627,27.838616714697405
2,2.0055268915076003,25.48185941043084,3.165622978166501,27.319884726224785
2,2.0095750391483307,25.48076923076923,3.1800943959143853,27.204610951008647
2,2.0126759231090547,25.507900677200904,3.1876718503538912,27.204610951008647
2,2.015442923495644,25.591216216216218,3.1983382179989794,27.492795389048993
2,2.0203910300606176,25.56179775280899,3.210018975394113,27.608069164265128
2,2.0254704070718663,25.532511210762333,3.213559312205161,27.838616714697405
2,2.02970680657186,25.53131991051454,3.212840131350926,27.608069164265128
2,2.0338067073571056,25.502232142857142,3.202589136664219,27.780979827089336
2,2.039653475661027,25.47327394209354,3.1953993722590432,27.953890489913544
2,2.044002435709301,25.47222222222222,3.191600179891982,28.12680115273775
2,2.0481100571782966,25.47117516629712,3.181054882739546,28.645533141210375
2,2.0530471472363723,25.470132743362832,3.1698346775248303,29.337175792507203
2,2.0558122176873055,25.524282560706403,3.1534230368477956,29.279538904899134
2,2.058985308910671,25.550660792951543,3.157867843104947,28.818443804034583
2,2.062041113251134,25.54945054945055,3.166771937075848,28.703170028818445
2,2.065825776363674,25.575657894736842,3.1746124265380717,28.645533141210375
2,2.0702860298909638,25.601750547045953,3.1509431726921537,28.472622478386167
2,2.0731373837119653,25.655021834061134,3.1381550291166875,28.29971181556196
2,2.076964640303662,25.68082788671024,3.13578819294679,28.35734870317003
2,2.0814366936683655,25.652173913043477,3.1418327104111423,28.703170028818445
2,2.0861062727476423,25.6236442516269,3.1538944046618202,28.876080691642652
2,2.0902228484028265,25.622294372294373,3.1682873662166333,28.587896253602306
2,2.0946564743393346,25.620950323974082,3.173547498092124,28.818443804034583
2,2.0992514083259985,25.619612068965516,3.1784536860505557,28.530259365994237
2,2.1030508772323007,25.618279569892472,3.174590129456762,28.472622478386167
2,2.108853400067279,25.590128755364805,3.1790735073353287,28.760806916426514
2,2.1138240613435446,25.588865096359743,3.185241398723444,28.587896253602306
2,2.1173004498607235,25.587606837606838,3.1929995574160106,28.069164265129682
2,2.120726156234741,25.639658848614072,3.212994004174861,28.069164265129682
2,2.125558748057014,25.611702127659573,3.2200162663437806,28.011527377521613
2,2.1298545771523525,25.6104033970276,3.1920056744105256,27.723342939481267
2,2.134058120062477,25.58262711864407,3.1643857796620662,27.896253602305475
2,2.1381922499129646,25.58139534883721,3.146890423264921,28.24207492795389
2,2.1425763453307907,25.553797468354432,3.1297811857566304,28.99135446685879
2,2.145621201239134,25.605263157894736,3.1206309273495654,29.10662824207493
2,2.148933358568894,25.603991596638654,3.1238530269965596,29.51008645533141
2,2.1533105448672645,25.60272536687631,3.129142382177889,29.279538904899134
2,2.1578182477700083,25.57531380753138,3.133262527153789,28.472622478386167
2,2.161633626097127,25.626304801670145,3.135508574099035,28.24207492795389
2,2.165775127787339,25.625,3.139208798584301,28.069164265129682
2,2.1710356298245883,25.571725571725572,3.1495027662971604,27.723342939481267
2,2.1735297483833214,25.62240663900415,3.142661928031851,28.12680115273775
2,2.176398470370393,25.698757763975156,3.137897553531805,28.472622478386167
2,2.179491833166072,25.748966942148762,3.1405815688146426,29.04899135446686
2,2.1837666770345288,25.74742268041237,3.138966531797488,28.93371757925072
2,2.189984162387095,25.694444444444443,3.131996084468156,28.93371757925072
2,2.1941545127253783,25.693018480492814,3.1182179143351894,28.99135446685879
2,2.1985253301106003,25.7172131147541,3.10513075540692,28.99135446685879
2,2.2017645909598,25.74130879345603,3.0948586601266115,28.587896253602306
2,2.206057004395284,25.739795918367346,3.089054542752455,28.29971181556196
2,2.2108938460287293,25.738289205702646,3.0844727397514378,28.818443804034583
2,2.212983586443098,25.838414634146343,3.0848571045607467,28.876080691642652
2,2.2163654830894974,25.836713995943207,3.085692704547935,28.587896253602306
2,2.2200597294067084,25.860323886639677,3.103360298591825,28.35734870317003
2,2.2232814733919346,25.858585858585858,3.124726254269824,28.069164265129682
2,2.228708257957509,25.806451612903224,3.152906767783626,28.414985590778098
2,2.2311473110788747,25.880281690140844,3.163161213496863,28.703170028818445
2,2.2351320249469655,25.8785140562249,3.172012257685859,28.414985590778098
2,2.2393119719467665,25.87675350701403,3.1627388577307425,28.472622478386167
2,2.244904624317822,25.825,3.1468398812729093,28.876080691642652
2,2.2479802274390273,25.848303393213573,3.1297080994751045,28.818443804034583
2,2.2520261239064365,25.82171314741036,3.1046783869167625,28.530259365994237
2,2.256062858826236,25.84493041749503,3.0814791170682776,28.99135446685879
2,2.2599534632343996,25.868055555555557,3.067208135732308,29.164265129683
2,2.263863130462797,25.866336633663366,3.0709415822534516,29.337175792507203
2,2.2673657478470552,25.889328063241106,3.086501186344481,29.394812680115272
2,2.269741135521939,25.96153846153846,3.115759104627618,29.10662824207493
2,2.2730456656531284,25.984251968503937,3.1580010877776257,28.760806916426514
2,2.2769583287991977,26.006876227897838,3.215879644117048,28.645533141210375
2,2.2803226903865212,26.029411764705884,3.2791897959423504,28.18443804034582
2,2.2838121047145443,26.027397260273972,3.3169469767451836,28.414985590778098
2,2.2891852883916153,26.0009765625,3.3548741137377127,28.069164265129682
2,2.292966128964173,26.023391812865498,3.380374893065422,27.953890489913544
2,2.2966234241661274,26.045719844357976,3.4089709481885357,26.628242074927954
2,2.3023828515880984,25.99514563106796,3.4463142206042594,25.53314121037464
2,2.3076294334311234,25.993217054263567,3.4114857412153676,25.417867435158502
2,2.312233411952069,25.967117988394584,3.362772052738524,26.282420749279538
2,2.315649181918094,25.98938223938224,3.3359638441542874,25.878962536023053
2,2.320360617888601,26.01156069364162,3.3020569267360846,26.282420749279538
2,2.322862407721971,26.08173076923077,3.3036952134101623,26.397694524495677
2,2.3262638339870856,26.103646833013435,3.3229810828986803,26.282420749279538
2,2.329411543984162,26.125478927203066,3.3271639852479855,25.763688760806918
2,2.3334522049678,26.147227533460804,3.2349602055439752,26.282420749279538
2,2.338895642443707,26.09732824427481,3.190934423477419,27.780979827089336
2,2.342267996386478,26.11904761904762,3.2252647453738796,27.608069164265128
2,2.347016693730103,26.09315589353612,3.272971593839232,27.03170028818444
2,2.3517600307339115,26.091081593927893,3.3342074837003435,25.64841498559078
2,2.356518194863671,26.089015151515152,3.354788958751661,25.302593659942364
2,2.361189729916422,26.08695652173913,3.3190007522908225,26.455331412103746
2,2.3659554293281153,26.08490566037736,3.26322047117119,27.838616714697405
2,2.370189228810762,26.106403013182675,3.213792890447625,28.472622478386167
2,2.3741224009739725,26.151315789473685,3.1845864788178475,28.818443804034583
2,2.377776096996508,26.172607879924954,3.1616932532754363,28.93371757925072
2,2.3813012803855695,26.170411985018728,3.1411011691467006,29.337175792507203
2,2.3859568950377015,26.14485981308411,3.1261210084510838,29.164265129683
2,2.390121859939475,26.119402985074625,3.119905701430712,29.221902017291065
2,2.3929189427902826,26.16387337057728,3.085989706527253,29.56772334293948
2,2.3969511596780073,26.184944237918216,3.064012029203951,29.62536023054755
2,2.4024038754011454,26.159554730983302,3.0617246616820584,29.740634005763688
2,2.4058298358791754,26.22685185185185,3.0756727143916116,29.798270893371757
2,2.4107753894831006,26.247689463955638,3.0675368600177326,29.62536023054755
2,2.415163945838025,26.222324723247233,3.0592900091601956,29.56772334293948
2,2.4194422292081934,26.220073664825048,3.0561546230096424,30.086455331412104
2,2.423055760483993,26.240808823529413,3.0558688459308465,30.201729106628243
2,2.4295268874419365,26.192660550458715,3.049406049438336,30.662824207492797
2,2.4333902782515477,26.19047619047619,3.056721850474309,30.37463976945245
2,2.4365665846749356,26.23400365630713,3.064328588098974,30.48991354466859
2,2.439970247996481,26.277372262773724,3.071449604451931,30.662824207492797
2,2.44519221155267,26.229508196721312,3.0747958679902387,30.605187319884728
2,2.4511336715597856,26.181818181818183,3.0749242948496947,30.48991354466859
2,2.454516126293885,26.202359346642467,3.0697279185194026,30.54755043227666
2,2.459054567625648,26.20018115942029,3.081853421602381,30.086455331412104
2,2.4634003830583473,26.198010849909583,3.108582541689895,29.51008645533141
2,2.4673343523552544,26.21841155234657,3.0979193685241557,29.56772334293948
2,2.4715958861928238,26.216216216216218,3.0928520623440017,29.51008645533141
2,2.4766196053279073,26.214028776978417,3.088680359625047,29.56772334293948
2,2.4809373614035155,26.189407540394974,3.085627838213872,30.028818443804035
2,2.486001806510122,26.164874551971327,3.0859026073860134,30.086455331412104
2,2.4902813321665715,26.162790697674417,3.0949272433733612,30.086455331412104
2,2.4948542507071245,26.160714285714285,3.105283090046474,29.394812680115272
2,2.4983617233602624,26.203208556149733,3.109524697202691,29.164265129683
2,2.5013618560213793,26.245551601423486,3.1027705438675417,28.703170028818445
2,2.5058380020292184,26.265541740674955,3.0812811027474116,29.164265129683
2,2.511273241670508,26.24113475177305,3.0607872388329924,29.56772334293948
2,2.5154769273180713,26.238938053097346,3.049334029997549,29.56772334293948
2,2.518441499534406,26.280918727915193,3.0469171275740945,29.68299711815562
2,2.521694964170456,26.300705467372133,3.043461863895715,29.164265129683
2,2.525712608349951,26.276408450704224,3.049586402106395,29.740634005763688
2,2.531011621261898,26.25219683655536,3.0503870007079867,30.31700288184438
2,2.5357667894739855,26.228070175438596,3.057941804283775,30.144092219020173
2,2.5390546623029207,26.291593695271455,3.064237026574974,30.720461095100866
2,2.542595880596261,26.31118881118881,3.0641083085591894,30.720461095100866
2,2.5470171310399707,26.287085514834207,3.039034310024455,30.89337175792507
2,2.5512095711733167,26.284843205574912,3.0314379403118714,30.89337175792507
2,2.5549098981054206,26.282608695652176,3.037758079541993,30.835734870317
2,2.5578515805696185,26.302083333333332,3.043167463096056,31.239193083573486
2,2.562117145563427,26.278162911611783,3.0367814840808993,31.06628242074928
2,2.5668658567102334,26.25432525951557,3.0455492712934995,30.662824207492797
2,2.570539250185615,26.25215889464594,3.0722242341063537,30.028818443804035
2,2.5746558932881607,26.20689655172414,3.099285028497195,29.56772334293948
2,2.579854222975279,26.183304647160067,3.0912520281180806,30.201729106628243
2,2.5829560568458154,26.22422680412371,3.079048687961244,30.720461095100866
2,2.5872052562864205,26.243567753001717,3.0745847796514836,30.662824207492797
2,2.5898700202766216,26.262842465753426,3.1016670295170377,30.37463976945245
2,2.5945004416139503,26.23931623931624,3.1619940941234885,29.45244956772334
2,2.5984670962158,26.25853242320819,3.2421935236399073,28.12680115273775
2,2.6016965081817225,26.277683134582624,3.321357907787446,26.85878962536023
2,2.6043680096927444,26.296768707482993,3.3555264242233767,26.570605187319885
2,2.60922441231577,26.25212224108659,3.3430432850314724,26.628242074927954
2,2.61418666274924,26.25,3.2980844639413367,27.492795389048993
2,2.618808193896946,26.269035532994923,3.2558303615464594,27.838616714697405
2,2.621438202261925,26.288006756756758,3.224000986270641,28.12680115273775
2,2.625561551200716,26.30691399662732,3.1499525742596743,29.10662824207493
2,2.6296990477725077,26.283670033670035,3.0903406357435586,29.51008645533141
2,2.63275999254302,26.323529411764707,3.071105647746319,28.587896253602306
2,2.6375811110985907,26.300335570469798,3.088081292293039,28.414985590778098
2,2.642429183188238,26.298157453936348,3.120412672719648,27.089337175792508
2,2.64648307075626,26.275083612040135,3.1510176806955292,26.97406340057637
2,2.6510100397624465,26.272954924874792,3.1683311314077423,27.03170028818444
2,2.655256639185705,26.270833333333332,3.174065924459888,27.319884726224785
2,2.6594641542748403,26.24792013311148,3.1485700947897777,27.780979827089336
2,2.664151078619455,26.225083056478404,3.1174768720354353,27.953890489913544
2,2.6677414616471844,26.243781094527364,3.0909270910623436,28.414985590778098
2,2.671186251859916,26.241721854304636,3.069068408232131,28.703170028818445
2,2.673649475605864,26.301652892561982,3.067713719908543,28.99135446685879
2,2.6788109178605835,26.278877887788777,3.073506740930443,29.51008645533141
2,2.6834977170354444,26.27677100494234,3.0750011007906655,29.62536023054755
2,2.6880645860182613,26.295230263157894,3.0670403785969254,30.144092219020173
2,2.6912216247696628,26.313628899835795,3.0633821630258167,30.48991354466859
2,2.694223035166138,26.352459016393443,3.058126947297479,31.181556195965417
2,2.698330721259117,26.350245499181668,3.052889456946729,31.930835734870318
2,2.7016905359531704,26.38888888888889,3.0519066120622345,31.930835734870318
2,2.705506481779249,26.366231647634585,3.050185828714327,32.21902017291066
2,2.709036031051686,26.425081433224754,3.047068804639825,32.21902017291066
2,2.7134688937350324,26.463414634146343,3.0528361143604403,31.354466858789625
2,2.718263370269223,26.440746753246753,3.0640235936037405,31.354466858789625
2,2.7220909571961354,26.43841166936791,3.077865823622673,30.778097982708935
2,2.7257051419270666,26.45631067961165,3.0873490022624144,30.89337175792507
2,2.731482872366905,26.41357027463651,3.100490467339617,30.48991354466859
2,2.7357589720111144,26.431451612903224,3.103043155736088,30.48991354466859
2,2.738919481321385,26.46940418679549,3.0850271167843024,30.778097982708935
2,2.7415165305137634,26.507234726688104,3.0649781342475646,31.00864553314121
2,2.7445724801013345,26.524879614767254,3.054479134796951,31.469740634005763
2,2.7482486370362733,26.5625,3.061165235009611,31.527377521613833
2,2.7510334855631777,26.62,3.0678943873550484,31.527377521613833
2,2.754598189027686,26.63738019169329,3.064442376936636,31.412103746397694
2,2.759012474511799,26.634768740031898,3.057245990098347,31.296829971181555
2,2.7628851203542006,26.652070063694268,3.053762873746283,31.181556195965417
2,2.7680444491536993,26.649443561208265,3.049806438283437,31.239193083573486
2,2.772803961603265,26.607142857142858,3.048700694114931,31.70028818443804
2,2.77657991961429,26.644215530903328,3.0504216774268085,32.10374639769452
2,2.780735946642725,26.641613924050635,3.0455609109544532,32.27665706051873
2,2.7837293609192497,26.718009478672986,3.0314590892484112,32.16138328530259
2,2.786715302028154,26.75473186119874,3.0174087082735404,32.10374639769452
2,2.7915593231979168,26.712598425196852,3.010389889440229,31.930835734870318
2,2.7952805597531167,26.74921383647799,2.999801959310259,32.21902017291066
2,2.797873894791854,26.805337519623233,3.002457878556669,31.64265129682997
2,2.8011325274643144,26.84169278996865,3.008994298596536,31.296829971181555
2,2.804820989621313,26.858372456964005,3.0044287195952806,31.181556195965417
2,2.8082569332499254,26.875,3.0024971687299313,31.412103746397694
2,2.8116813142048684,26.891575663026522,3.006206506957656,31.87319884726225
2,2.8159021515595284,26.888629283489095,3.015185172656714,31.87319884726225
2,2.8207909198183763,26.866251944012443,3.018856613317393,31.585014409221902
2,2.825731015519092,26.86335403726708,3.0224326848983765,31.469740634005763
2,2.8291401797219327,26.86046511627907,3.0246254271625923,31.296829971181555
2,2.8325393830475054,26.876934984520123,3.0163482911026422,30.720461095100866
2,2.8358083166574177,26.89335394126739,3.0185232481099495,30.778097982708935
2,2.840418249054959,26.871141975308642,3.0283627378226425,30.89337175792507
2,2.8444925000793058,26.887519260400616,3.033668230755538,30.835734870317
2,2.8475108554488733,26.903846153846153,3.035721522322448,30.605187319884728
2,2.8519239372328706,26.900921658986174,3.0306086694040606,31.239193083573486
2,2.855847102403641,26.87883435582822,3.0257258849209903,31.354466858789625
2,2.8610399023482675,26.856814701378255,3.021468807475358,31.412103746397694
2,2.8651757372053046,26.87308868501529,3.008627112010657,32.3342939481268
2,2.871726019758927,26.83206106870229,2.9921960369233163,32.622478386167145
2,2.8746176431053563,26.867378048780488,2.9903280537249306,31.988472622478387
2,2.8780714750289915,26.883561643835616,2.9965651546205794,31.296829971181555
2,2.8837851160450985,26.861702127659573,2.998279368822476,31.239193083573486
2,2.887259218567296,26.87784522003035,3.001925343742019,31.469740634005763
2,2.890753921395854,26.893939393939394,3.0053815023140973,30.95100864553314
2,2.8943275235201185,26.8910741301059,3.0088659810580416,30.37463976945245
2,2.898093818049682,26.88821752265861,3.0208833821907572,30.086455331412104
2,2.9017083277827815,26.904223227752638,3.0384797203925347,30.028818443804035
2,2.9063479922319715,26.90135542168675,3.0572546061282884,29.68299711815562
2,2.911446571036389,26.8796992481203,3.063480078899366,29.51008645533141
2,2.916250632624877,26.895645645645647,3.088595099163495,29.04899135446686
2,2.9192117995337434,26.8928035982009,3.087253204139147,29.164265129683
2,2.924633540291535,26.87125748502994,3.094444077685132,30.028818443804035
2,2.9292682657116336,26.849775784753362,3.1007030015716905,30.720461095100866
2,2.9340943556082877,26.847014925373134,3.0837665620487407,31.75792507204611
2,2.937818325820722,26.881520119225037,3.061837936876007,31.988472622478387
2,2.942060816915412,26.897321428571427,3.047899909283159,32.04610951008645
2,2.9454253319062684,26.894502228826152,3.031692181314741,31.81556195965418
2,2.9503875980251713,26.873145400593472,3.0262175128207227,31.469740634005763
2,2.9554919151883374,26.87037037037037,3.0223026770051176,31.354466858789625
2,2.960072468456469,26.849112426035504,3.0273363326551728,31.123919308357348
2,2.964153260306308,26.84638109305761,3.040371143323485,30.028818443804035
2,2.9662422611525185,26.89896755162242,3.05785490345845,29.45244956772334
2,2.9703792714758923,26.896170839469807,3.0679864378019412,29.56772334293948
2,2.9744790624631077,26.893382352941178,3.0709116035892117,29.221902017291065
2,2.97884332427853,26.87224669603524,3.066301762783033,29.56772334293948
2,2.9829697848934877,26.86950146627566,3.0482409796956498,30.028818443804035
2,2.9883775442838667,26.866764275256223,3.034784932290354,29.913544668587896
2,2.992220507326879,26.882309941520468,3.0305907973496047,30.48991354466859
2,2.9959932840184162,26.861313868613138,3.0255859612319878,31.296829971181555
2,2.9989364180125686,26.913265306122447,3.0246449395808206,32.39193083573487
2,3.0030949929827138,26.892285298398836,3.0256037580252793,32.16138328530259
2,3.006190136702437,26.925872093023255,3.024604035412661,32.622478386167145
2,3.0110117954643147,26.923076923076923,3.0374063160012943,32.04610951008645
2,3.014029052226167,26.97463768115942,3.0489913104316604,32.04610951008645
2,3.0186641010798905,26.97178002894356,3.0296163097504647,32.21902017291066
2,3.023763472312375,26.95086705202312,3.0103321146855158,33.19884726224784
2,3.0274458046022215,26.93001443001443,3.008007603306924,33.544668587896254
2,3.030033442848607,26.945244956772335,3.019491075370718,33.487031700288185
2,3.03388094337363,26.96043165467626,3.0323432821282594,32.737752161383284
2,3.0387622309358497,26.939655172413794,3.0675700924912905,31.00864553314121
2,3.043227958051782,26.91893830703013,3.0664438844276463,31.00864553314121
2,3.048222510751925,26.91618911174785,3.032366093402634,31.70028818443804
2,3.052122279531077,26.931330472103003,3.001572496330683,31.469740634005763
2,3.056530327545969,26.946428571428573,2.984410850133764,31.64265129682997
2,3.059851392319328,26.979315263908703,2.969565109173823,31.75792507204611
2,3.0628701730778345,26.994301994301996,2.9708929336565433,32.10374639769452
2,3.06774524481673,26.973684210526315,2.9897550542233726,31.527377521613833
2,3.071338636310477,26.970880681818183,3.007579175008607,31.527377521613833
2,3.0759717037803247,26.95035460992908,3.016747390070269,31.75792507204611
2,3.079006641475778,26.98300283286119,3.036881744586927,31.930835734870318
2,3.0818479889317563,27.015558698727016,3.051489360321502,31.412103746397694
2,3.086939729514875,27.03036723163842,3.044769953472823,31.527377521613833
2,3.0917136010370756,27.045133991537377,3.036943928437299,31.412103746397694
2,3.0965544920218617,27.059859154929576,3.0176351707651867,31.81556195965418
2,3.098714708654504,27.109704641350213,3.001783426456188,31.87319884726225
2,3.102456558691828,27.10674157303371,2.9919020646178778,31.75792507204611
2,3.105475537086788,27.13884992987377,2.9904271254341723,31.930835734870318
2,3.108924072980881,27.170868347338935,2.996342020100712,32.04610951008645
2,3.1133052521630336,27.202797202797203,3.007882170962848,31.354466858789625
2,3.1177388721390775,27.217178770949722,3.0058811540427843,31.412103746397694
2,3.1220050366301284,27.196652719665273,2.989314745648116,31.70028818443804
2,3.1255602817786365,27.21100278551532,2.9785853844084498,31.81556195965418
2,3.12896741597276,27.225312934631432,2.9706761512888193,31.988472622478387
2,3.1335579069037185,27.20486111111111,2.9635674799642255,32.50720461095101
2,3.1372223029011175,27.201803051317615,2.9588001016098233,32.737752161383284
2,3.141754235405671,27.181440443213297,2.9683171389839065,33.25648414985591
2,3.1451125970012264,27.213001383125864,2.985030469806513,32.85302593659942
2,3.1478572020405218,27.27900552486188,3.014184965516016,32.27665706051873
2,3.1529434348407546,27.275862068965516,3.0408886709520893,32.21902017291066
2,3.157681678470812,27.272727272727273,3.0870596055061585,31.181556195965417
2,3.1604403608723692,27.286795048143052,3.125736757357549,30.662824207492797
2,3.1649895253934357,27.266483516483518,3.153773190239058,30.37463976945245
2,3.1694847244965403,27.246227709190673,3.15476292234412,30.43227665706052
2,3.1731049707061367,27.243150684931507,3.10990838081606,31.06628242074928
2,3.1776002159244134,27.240082079343367,3.047785204676439,31.527377521613833
2,3.1840148245033464,27.202868852459016,2.9788965810828496,32.39193083573487
2,3.187117363904652,27.233969986357437,2.950530507597506,32.564841498559076
2,3.1920784580080133,27.213896457765667,2.9499057553330874,32.3342939481268
2,3.195255637482593,27.210884353741495,2.962687968658412,32.737752161383284
2,3.2005187426742756,27.190896739130434,2.9825114193050544,32.44956772334294
2,3.2044771486207058,27.221845318860243,3.0022697520146173,31.930835734870318
2,3.207791857342971,27.235772357723576,3.026330312276216,31.412103746397694
2,3.2115313893870305,27.249661705006766,3.0452495681525376,31.412103746397694
2,3.2144317683420685,27.280405405405407,3.057419511579698,31.181556195965417
2,3.218031094889892,27.294197031039136,3.062583018008465,31.469740634005763
2,3.223020094005685,27.307951482479783,3.0475907572952834,31.585014409221902
2,3.226549885461205,27.321668909825032,3.0403831071018623,31.585014409221902
2,3.230191107486424,27.335349462365592,3.0333983299369636,32.10374639769452
2,3.2351813727303553,27.315436241610737,3.0176207596255886,32.737752161383284
2,3.238918821748934,27.329088471849865,3.008085027817757,32.680115273775215
2,3.242987307435588,27.325970548862117,3.002815940962409,32.50720461095101
2,3.247214761533235,27.33957219251337,2.997037956242188,32.737752161383284
2,3.2498839497566223,27.369826435246996,3.0004243565045194,32.91066282420749
2,3.2548025401015033,27.35,3.019039234258063,32.39193083573487
2,3.258994738051766,27.34687083888149,3.0244450744945333,32.50720461095101
2,3.2628301620483398,27.36037234042553,3.0203066509440197,32.39193083573487
2,3.2660937409651907,27.357237715803453,3.007544416436402,32.680115273775215
2,3.26898050433711,27.370689655172413,2.988629624041544,33.02593659942363
2,3.273892258029235,27.367549668874172,2.983431321684666,32.622478386167145
2,3.277741855696628,27.38095238095238,2.9676296348395983,32.27665706051873
2,3.2808562517166138,27.39431968295905,2.9581409275257093,32.16138328530259
2,3.2844470187237387,27.407651715039577,2.952407880312836,32.10374639769452
2,3.288127675181941,27.42094861660079,2.951689739930465,32.27665706051873
2,3.293958579239092,27.416433393709863,2.962274464594054,31.412103746397694
3,0.004869885821091501,37.5,3.159997235245419,28.703170028818445
3,0.007795884734705875,37.5,3.1643912193412604,28.414985590778098
3,0.0111517586206135,37.5,3.157122524652613,28.29971181556196
3,0.014791527233625713,34.375,3.1505549289114465,28.587896253602306
3,0.01854265018513328,37.5,3.1357023243530553,28.703170028818445
3,0.022820813404886345,35.416666666666664,3.1192614488337997,28.99135446685879
3,0.02701452845021298,33.92857142857143,3.103507590184014,29.798270893371757
3,0.03194032782002499,32.8125,3.081078656807473,30.43227665706052
3,0.03602898277734455,30.555555555555557,3.0651558796930973,30.89337175792507
3,0.04058491399413661,31.25,3.0514672181573332,31.00864553314121
3,0.04402179623904981,32.95454545454545,3.0414665706696047,30.778097982708935
3,0.04711703375766152,34.375,3.0542408920103505,30.48991354466859
3,0.05047252805609452,35.57692307692308,3.07623711269572,30.43227665706052
3,0.053080947305026806,35.714285714285715,3.074806930282698,30.54755043227666
3,0.057277662659946244,34.166666666666664,3.0314027246791646,31.70028818443804
3,0.06063020088170704,34.375,2.99299685746294,32.04610951008645
3,0.06609479988876142,33.088235294117645,2.9520689996156824,32.21902017291066
3,0.07001791392502031,32.638888888888886,2.9436270734681513,32.680115273775215
3,0.07298503376935658,32.89473684210526,2.953514491358111,32.3342939481268
3,0.07673529213980625,32.5,2.9742039496997537,31.930835734870318
3,0.07912690498326955,33.333333333333336,3.0058022984711257,31.239193083573486
3,0.08258527344778964,34.09090909090909,3.0317391640579645,30.89337175792507
3,0.08676664405747464,33.15217391304348,3.061890157137049,30.37463976945245
3,0.09104281114904504,32.8125,3.075533140090204,29.798270893371757
3,0.09351238969125246,33.5,3.0846645865022864,29.913544668587896
3,0.09822329737638172,33.17307692307692,3.08757641952708,29.62536023054755
3,0.10087748373809614,33.7962962962963,3.0774139533943843,29.798270893371757
3,0.10493680505376113,33.482142857142854,3.0613800018064437,29.855907780979827
3,0.10907145315094997,33.189655172413794,3.0242130553118094,30.31700288184438
3,0.11196028794112958,32.916666666666664,2.9986866707076674,30.259365994236312
3,0.11672267458940808,32.66129032258065,3.010678984053124,30.259365994236312
3,0.12122849963213268,32.421875,3.0287562476874497,30.086455331412104
3,0.12553331177485616,32.196969696969695,3.0100030833125664,30.720461095100866
3,0.1281470913636057,32.35294117647059,3.0052139094348327,31.181556195965417
3,0.13212476121751884,31.785714285714285,3.003119031954471,31.123919308357348
3,0.1358270309473339,31.944444444444443,3.0026227537937427,31.527377521613833
3,0.1402339960399427,31.756756756756758,2.998265027999878,30.605187319884728
3,0.1457924855382819,31.25,2.9650225985434746,31.585014409221902
3,0.15012275106028505,31.08974358974359,2.9463849902702366,31.87319884726225
3,0.15436086560550488,31.25,2.9579097301729265,32.04610951008645
3,0.15743949036849172,32.01219512195122,3.00613494073191,31.81556195965418
3,0.15945683968694588,32.73809523809524,3.072531821540973,30.89337175792507
3,0.1632493373594786,32.848837209302324,3.125809014667564,30.605187319884728
3,0.1661815091183311,33.52272727272727,3.169107636548407,30.144092219020173
3,0.16907054436834235,33.611111111111114,3.189851507063835,29.56772334293948
3,0.1737668818549106,32.880434782608695,3.1757672113207627,29.740634005763688
3,0.1772523509828668,32.712765957446805,3.167016834707304,28.414985590778098
3,0.18023050207840768,32.8125,3.1416319531779133,28.645533141210375
3,0.18496826542051215,32.39795918367347,3.1014938167712653,28.472622478386167
3,0.18946506851597836,32.0,3.065968995270092,29.51008645533141
3,0.19378793239593506,32.1078431372549,3.039036560168464,28.703170028818445
3,0.19862583561947472,31.971153846153847,3.038047640005015,29.164265129683
3,0.2008710298099016,32.54716981132076,3.043209015499062,29.68299711815562
3,0.20477817889891173,32.407407407407405,3.0506764743734616,29.971181556195965
3,0.20922626335369912,32.27272727272727,3.0247282012267047,30.31700288184438
3,0.2137680243504675,32.36607142857143,3.0145122554445045,30.37463976945245
3,0.21675701157042854,32.675438596491226,3.0122368440100673,30.259365994236312
3,0.22061006630721844,32.758620689655174,3.0080612716586907,30.605187319884728
3,0.22449178617251547,32.6271186440678,3.005932269008478,30.662824207492797
3,0.2284275354523408,32.5,3.0017510388853363,30.89337175792507
3,0.2335651076153705,32.17213114754098,2.9989728427702382,31.181556195965417
3,0.23762996839849573,32.056451612903224,2.9974548437628328,31.930835734870318
3,0.24087722536764647,32.142857142857146,2.980576135046471,32.27665706051873
3,0.2468474047748666,31.640625,2.9752439452755834,32.44956772334294
3,0.2519788404828624,31.53846153846154,2.9585815635144983,32.85302593659942
3,0.2558167835599498,31.62878787878788,2.9452206094144127,32.96829971181556
3,0.2582029860270651,32.276119402985074,2.942446679563566,32.564841498559076
3,0.26111673681359543,32.536764705882355,2.964099748892718,32.27665706051873
3,0.26516870887655963,32.427536231884055,2.9779490820273824,32.44956772334294
3,0.26902203873584146,32.32142857142857,2.9805056005029633,32.3342939481268
3,0.27136180604759014,32.92253521126761,2.989925318049945,32.680115273775215
3,0.2752040481881092,32.986111111111114,2.9646763774107128,32.10374639769452
3,0.2791277833675083,32.87671232876713,2.9415680669969126,32.564841498559076
3,0.28262204857249007,33.108108108108105,2.9262162084403673,32.21902017291066
3,0.2873970058403517,32.833333333333336,2.9246916408363024,32.50720461095101
3,0.291330728248546,32.73026315789474,2.9428861141204834,32.44956772334294
3,0.2962564501323198,32.467532467532465,2.9741959670721663,32.44956772334294
3,0.2987636054816999,32.69230769230769,3.0091291100198774,31.64265129682997
3,0.30315895739354587,32.59493670886076,3.0263799648680445,31.64265129682997
3,0.3071735259733702,32.65625,3.030520141948753,31.239193083573486
3,0.31113972538395934,32.71604938271605,3.032936169804516,30.31700288184438
3,0.3133934016290464,32.926829268292686,3.0180812228110527,30.778097982708935
3,0.31629390889092496,33.13253012048193,2.995564801352365,31.123919308357348
3,0.3196493834257126,33.18452380952381,2.984855734807555,31.412103746397694
3,0.3243954609883459,33.088235294117645,2.9652506849183466,31.988472622478387
3,0.3284314828483682,32.99418604651163,2.9348846338861,32.27665706051873
3,0.330922080184284,33.189655172413794,2.9006524827623146,32.50720461095101
3,0.3358159286411185,33.09659090909091,2.879520538215813,33.429394812680115
3,0.3394017566191523,33.146067415730336,2.8767344698927917,33.65994236311239
3,0.3423864159144853,33.333333333333336,2.893296442273575,33.0835734870317
3,0.34574303799553924,33.51648351648352,2.925634988991346,32.85302593659942
3,0.34947483461154133,33.55978260869565,2.9370020600507885,32.622478386167145
3,0.35314798057079316,33.60215053763441,2.9330780654458954,32.79538904899135
3,0.3565607709319968,33.51063829787234,2.921422117316778,32.680115273775215
3,0.3607758746335381,33.55263157894737,2.926302320946197,32.91066282420749
3,0.36490326853174915,33.463541666666664,2.9357207574053295,32.3342939481268
3,0.36829447260028436,33.376288659793815,2.9475147301150906,32.44956772334294
3,0.37359315862781123,33.16326530612245,2.956154067944821,32.3342939481268
3,0.3777106722718791,33.333333333333336,2.959802558894531,32.3342939481268
3,0.38031152251519657,33.5,2.967689364187179,32.16138328530259
3,0.3835480446878232,33.539603960396036,2.974056200497711,32.3342939481268
3,0.3878638695729406,33.455882352941174,2.9748822692352506,32.85302593659942
3,0.39144612378195714,33.37378640776699,2.9901352785699378,32.44956772334294
3,0.39587877377083425,33.17307692307692,2.987318466335947,32.50720461095101
3,0.3981681017499221,33.333333333333336,2.9875337209569692,32.564841498559076
3,0.40250340041361354,33.37264150943396,2.975261523976304,32.737752161383284
3,0.40666835213962355,33.41121495327103,2.954438395763872,33.02593659942363
3,0.40881017038696693,33.68055555555556,2.943877846963944,33.19884726224784
3,0.413300611470875,33.60091743119266,2.895899100787079,33.71757925072046
3,0.41602808393930135,33.75,2.8647602214241905,33.89048991354467
3,0.4196987045438666,33.671171171171174,2.8553434154405024,33.94812680115274
3,0.4243618914955541,33.705357142857146,2.858681102502181,33.8328530259366
3,0.42657377217945297,33.849557522123895,2.865682725532813,33.94812680115274
3,0.4320895169910632,33.66228070175438,2.861829637382437,34.12103746397695
3,0.4362475806160977,33.69565217391305,2.8725995490078553,34.52449567723343
3,0.4395241335818642,33.83620689655172,2.8823038367082447,34.40922190201729
3,0.44495093257803664,33.547008547008545,2.8874292461553477,34.178674351585016
3,0.44758818620129637,33.79237288135593,2.890278617357878,34.00576368876081
3,0.45088488459587095,33.8235294117647,2.8953931150348504,34.00576368876081
3,0.45386594063357305,33.958333333333336,2.908695508258134,33.60230547550432
3,0.4591213721978037,33.78099173553719,2.9235226421312253,33.31412103746398
3,0.4624848174421411,34.01639344262295,2.935218981883493,33.14121037463977
3,0.4648747232399489,34.2479674796748,2.9611089108726394,32.564841498559076
3,0.4682054458480132,34.274193548387096,2.989592002833494,32.79538904899135
3,0.4718455592268392,34.2,3.0174418814171293,32.3342939481268
3,0.47390690226303905,34.42460317460318,3.035213857202486,31.81556195965418
3,0.47646498068382864,34.645669291338585,3.0590737448309975,31.527377521613833
3,0.48021812611504605,34.66796875,3.047720286153978,31.87319884726225
3,0.4844240092917492,34.593023255813954,3.0180743537190873,32.39193083573487
3,0.4883667147473285,34.61538461538461,2.986137408814672,32.3342939481268
3,0.4910009404546336,34.732824427480914,2.962409503998295,32.3342939481268
3,0.49429037335671877,34.84848484848485,2.924909925680556,32.50720461095101
3,0.4990353121569282,34.86842105263158,2.879139259663595,33.02593659942363
3,0.5037437362106223,34.79477611940298,2.8628808655497116,33.19884726224784
3,0.5071027409089239,35.0,2.873122087821433,33.544668587896254
3,0.5100585675553272,35.018382352941174,2.8881495921842513,34.40922190201729
3,0.5151567034031216,34.762773722627735,2.927961890598596,34.351585014409224
3,0.5200227848793331,34.69202898550725,2.9680598820409467,34.81268011527378
3,0.5226721476567419,34.71223021582734,3.0107796488819036,34.06340057636888
3,0.5264040041910975,34.732142857142854,3.0035921730753463,33.89048991354467
3,0.5312745742107693,34.663120567375884,3.0078286959828318,33.65994236311239
3,0.5361168953933214,34.50704225352113,3.0005561289150045,33.94812680115274
3,0.5396972378617839,34.61538461538461,2.9802288789353613,34.40922190201729
3,0.5440553876914476,34.548611111111114,2.9547176388551564,33.77521613832853
3,0.5475812778661125,34.6551724137931,2.9379228908345447,34.00576368876081
3,0.5508491724729538,34.76027397260274,2.8931568668734644,34.293948126801155
3,0.5534795922668356,35.034013605442176,2.865078592630026,34.178674351585016
3,0.5587976742731897,34.88175675675676,2.854542149926111,34.293948126801155
3,0.5616082754574324,34.98322147651007,2.8528712828587826,34.06340057636888
3,0.5664420433734593,34.916666666666664,2.8641336063086165,33.89048991354467
3,0.5703667168554507,35.01655629139073,2.873366815703256,33.544668587896254
3,0.5733615092541042,35.11513157894737,2.8677564370467366,33.31412103746398
3,0.5777971310050865,34.967320261437905,2.861487629226825,33.429394812680115
3,0.5804544472380688,35.064935064935064,2.8396121005308794,33.71757925072046
3,0.583597279692951,35.08064516129032,2.826539470303443,34.178674351585016
3,0.5876834657631422,35.01602564102564,2.8144366373114873,34.12103746397695
3,0.5912201886114321,34.952229299363054,2.8194721525165893,34.236311239193085
3,0.5944032585934589,34.96835443037975,2.837956151654643,34.236311239193085
3,0.5977693829097246,34.984276729559745,2.8686841034120127,33.8328530259366
3,0.600713626491396,35.078125,2.8990422157647973,33.60230547550432
3,0.6045586336600153,35.015527950310556,2.9217648236982283,33.429394812680115
3,0.6077986022359446,35.03086419753087,2.929917423406504,33.8328530259366
3,0.6110673131127107,35.04601226993865,2.925517160771629,33.65994236311239
3,0.6148662734972803,34.984756097560975,2.9137352347923313,33.71757925072046
3,0.6176921463326404,35.07575757575758,2.90977301520686,33.77521613832853
3,0.6213597481188021,35.16566265060241,2.9109277554920743,33.544668587896254
3,0.6245739097657956,35.25449101796407,2.919148632458278,33.89048991354467
3,0.6275390262666501,35.342261904761905,2.943163829465066,33.544668587896254
3,0.6325069491800509,35.281065088757394,2.8845260511345576,34.52449567723343
3,0.635499551578572,35.36764705882353,2.832998882790315,34.985590778097986
3,0.6394754144706224,35.30701754385965,2.8063184901865945,35.331412103746395
3,0.6427828159771467,35.39244186046512,2.8068449898249543,36.138328530259365
3,0.6458541281913456,35.40462427745665,2.836927643020032,35.61959654178674
3,0.6499204191722368,35.27298850574713,2.8813957904341034,34.81268011527378
3,0.6537567206119236,35.285714285714285,2.9115797121953304,34.40922190201729
3,0.6559569300789582,35.44034090909091,2.9335722401394824,34.236311239193085
3,0.6595910321725043,35.5225988700565,2.9494026992727536,33.89048991354467
3,0.6635832292468924,35.46348314606742,2.9438215126090337,32.44956772334294
3,0.6678888077798643,35.40502793296089,2.9376440811816447,31.930835734870318
3,0.6703636189824657,35.486111111111114,2.9415024458538004,30.720461095100866
3,0.6747914770716115,35.290055248618785,2.9466001811664775,30.54755043227666
3,0.6798167713378606,35.09615384615385,2.935647111334559,30.778097982708935
3,0.6831587363230555,35.10928961748634,2.9316665675782936,31.239193083573486
3,0.6878598032813323,34.98641304347826,2.937329990523202,31.585014409221902
3,0.6926549680923161,34.932432432432435,2.9409728440271543,31.64265129682997
3,0.6973580314924842,34.87903225806452,2.9255650197305987,31.75792507204611
3,0.7000251573951621,34.893048128342244,2.91400423137823,31.930835734870318
3,0.7033665181774842,34.973404255319146,2.8856571171140892,31.930835734870318
3,0.7065732615558724,34.98677248677249,2.8677966468345186,32.85302593659942
3,0.7094389226875807,35.06578947368421,2.8614424313268354,33.60230547550432
3,0.7132663508779125,35.07853403141361,2.8588226555679253,34.81268011527378
3,0.7178912048277102,35.026041666666664,2.8476924248005386,34.87031700288185
3,0.7216131710692456,35.038860103626945,2.8300419979930473,35.389048991354464
3,0.7248075405233785,35.18041237113402,2.8185604475610266,35.79250720461095
3,0.7292879733600115,35.06410256410256,2.8142188650122435,36.023054755043226
3,0.7328684541739916,35.140306122448976,2.815493955040857,36.080691642651296
3,0.7370123052283337,35.025380710659896,2.8188577714603618,36.59942363112392
3,0.7396770780023776,35.16414141414141,2.8238943826218357,36.195965417867434
3,0.7421456100125062,35.3643216080402,2.8287308408368017,35.73487031700288
3,0.744203392298598,35.5625,2.8358671330087195,35.90778097982709
3,0.7462500090661802,35.69651741293532,2.8489858104336645,35.96541786743516
3,0.7496007180527637,35.70544554455446,2.8715430684902703,35.44668587896253
3,0.7540342263485256,35.59113300492611,2.901356389994995,35.10086455331412
3,0.7585282998649697,35.47794117647059,2.9110961196609355,35.10086455331412
3,0.7610589534044265,35.670731707317074,2.9241129225849556,35.331412103746395
3,0.7642583337269331,35.679611650485434,2.9028402341675648,35.5043227665706
3,0.767330296572886,35.7487922705314,2.8949460659158945,35.331412103746395
3,0.7715102601992456,35.69711538461539,2.871874127519845,35.273775216138326
3,0.7757393455819079,35.645933014354064,2.8566430312697237,35.273775216138326
3,0.7778994903752678,35.773809523809526,2.865249072901115,35.331412103746395
3,0.7820939266367962,35.72274881516588,2.851605669144661,35.5043227665706
3,0.7842999910053454,35.79009433962264,2.8447406072221044,35.61959654178674
3,0.7889246444953115,35.798122065727696,2.8401476337063696,35.67723342939481
3,0.7913627317077235,35.86448598130841,2.835804832695816,36.42651296829971
3,0.7936422103329709,35.93023255813954,2.8302695926982686,36.36887608069164
3,0.7970274278992101,35.879629629629626,2.828303982035905,36.195965417867434
3,0.8011670027908526,35.77188940092166,2.8328665115866243,36.77233429394813
3,0.8055240982457211,35.722477064220186,2.8419521750393,36.42651296829971
3,0.8096458224873794,35.78767123287671,2.8351833177601686,36.887608069164266
3,0.8146080534709127,35.73863636363637,2.817390557807711,36.887608069164266
3,0.8163645388264406,35.91628959276018,2.7981243474142894,37.23342939481268
3,0.8204263189905568,35.86711711711712,2.7766088098974273,37.17579250720461
3,0.8265075826331189,35.70627802690583,2.7681563592726186,37.5792507204611
3,0.8310059966225373,35.60267857142857,2.7625075869845905,37.52161383285303
3,0.8349861140313901,35.55555555555556,2.7645501986077305,37.752161383285305
3,0.8397330414307745,35.5641592920354,2.7637593680263115,37.752161383285305
3,0.842590826906656,35.5726872246696,2.7673317562050532,37.17579250720461
3,0.8463105237797687,35.58114035087719,2.76775203212615,36.77233429394813
3,0.8503333949729016,35.480349344978166,2.775091977163394,36.65706051873199
3,0.8543305624472467,35.48913043478261,2.7704681081156575,37.06051873198847
3,0.857042750088792,35.60606060606061,2.7660753084217897,37.5792507204611
3,0.8596357251468457,35.72198275862069,2.7649470886327157,37.809798270893374
3,0.8620707259366387,35.783261802575105,2.7699951092768376,37.52161383285303
3,0.8657487789266988,35.73717948717949,2.7818980793799124,37.17579250720461
3,0.8696819824607749,35.744680851063826,2.799278488356946,36.42651296829971
3,0.8720041508737363,35.80508474576271,2.8219652285773633,36.2536023054755
3,0.8752634787245801,35.812236286919834,2.861292232016814,35.61959654178674
3,0.8781619584874103,35.871848739495796,2.8983936458139374,35.44668587896253
3,0.8823747884286077,35.93096234309623,2.90846615013439,35.56195965417867
3,0.8858105350481836,35.9375,2.9055614740617814,35.73487031700288
3,0.8911185470066573,35.94398340248963,2.8542151874111545,36.023054755043226
3,0.8935767569039997,36.002066115702476,2.8281167372031146,36.59942363112392
3,0.896924407544889,36.008230452674894,2.825047313342995,36.195965417867434
3,0.9004847228527069,35.96311475409836,2.8359318081684375,35.96541786743516
3,0.9046081426896547,36.02040816326531,2.8385019708888324,35.73487031700288
3,0.9084803226747011,36.077235772357724,2.8538904382336523,34.75504322766571
3,0.912154462776686,36.082995951417004,2.852556002304851,34.52449567723343
3,0.9174412692848005,35.98790322580645,2.8487868962749356,34.293948126801155
3,0.9212706186269459,35.94377510040161,2.843862295150757,33.94812680115274
3,0.9238124635658767,36.05,2.84591794343588,33.89048991354467
3,0.926522770524025,36.155378486055774,2.8534159544975526,33.0835734870317
3,0.9305095890634938,36.160714285714285,2.8578348692661057,33.02593659942363
3,0.9337015285303718,36.16600790513834,2.8430859026271627,33.65994236311239
3,0.937090929715257,36.22047244094488,2.829300629378464,34.06340057636888
3,0.9415453322623906,36.1764705882353,2.837131329395804,34.46685878962536
3,0.9452014902704641,36.1328125,2.8368269935730965,35.331412103746395
3,0.947983445148719,36.18677042801556,2.8315321261981667,36.080691642651296
3,0.9521970295592358,36.14341085271318,2.813307099628009,37.34870317002882
3,0.9555678958955564,36.148648648648646,2.7981036121394776,37.636887608069166
3,0.9597110006370042,36.10576923076923,2.7675283098001087,37.5792507204611
3,0.9655356022872423,35.96743295019157,2.745908256499998,37.5792507204611
3,0.9689917023244657,35.97328244274809,2.7452339010853923,37.11815561959654
3,0.9722253967272608,36.02661596958175,2.7767595986616778,36.59942363112392
3,0.9766646474599838,36.03219696969697,2.8249121794502856,35.273775216138326
3,0.9796965484556399,36.08490566037736,2.878587716735453,34.06340057636888
3,0.9826065130923923,36.18421052631579,2.930080343501359,33.02593659942363
3,0.9882795451503051,36.048689138576776,2.972525341170175,32.10374639769452
3,0.9924409780063127,35.96082089552239,2.959676687069203,32.39193083573487
3,0.9972178476421456,35.92007434944238,2.9333709692625405,32.91066282420749
3,1.0001812914484425,35.925925925925924,2.8977933385954473,34.06340057636888
3,1.0026028625274959,35.97785977859779,2.846281574618432,34.236311239193085
3,1.0058323877422433,35.9375,2.8031434062439176,34.75504322766571
3,1.0105884497102937,35.8974358974359,2.7778868526907012,34.92795389048992
3,1.015965614977636,35.76642335766423,2.7671823270859255,35.96541786743516
3,1.0203034164089906,35.77272727272727,2.7740929665104037,35.85014409221902
3,1.0243718010814566,35.778985507246375,2.7900265587090347,35.73487031700288
3,1.027862694545796,35.785198555956676,2.8088648961985716,35.44668587896253
3,1.0310042768716812,35.74640287769784,2.8088368188400974,35.79250720461095
3,1.0342547452763506,35.797491039426525,2.815762941189076,36.080691642651296
3,1.0380820034365905,35.80357142857143,2.81956436392349,35.90778097982709
3,1.0406672901228855,35.854092526690394,2.8343803289299188,34.87031700288185
3,1.0434896280891017,35.85992907801418,2.8509641424302132,34.69740634005764
3,1.046891935248124,35.909893992932865,2.829801828630509,34.87031700288185
3,1.050326665451652,35.91549295774648,2.7954104199387513,35.5043227665706
3,1.0534227935891403,35.921052631578945,2.7770524294145646,35.96541786743516
3,1.0581634659516184,35.83916083916084,2.741181139023073,36.54178674351585
3,1.0628496251608197,35.84494773519164,2.7181842118364323,37.694524495677236
3,1.066245998834309,35.85069444444444,2.7131356638148083,37.809798270893374
3,1.0694600855049334,35.85640138408304,2.719341409371196,36.945244956772335
3,1.0730058240263085,35.81896551724138,2.7304090190043646,36.829971181556196
3,1.0749821458992206,35.9106529209622,2.7396015412247126,36.59942363112392
3,1.077054988239941,36.00171232876713,2.748444538511988,36.71469740634006
3,1.0799317687749863,36.092150170648466,2.759840423061002,36.59942363112392
3,1.084360303219996,36.054421768707485,2.762764342369572,36.77233429394813
3,1.088071040573873,36.016949152542374,2.756349710824852,36.887608069164266
3,1.0907839968016273,36.064189189189186,2.7493076934243126,37.11815561959654
3,1.0945555980268278,36.111111111111114,2.7405483662258097,37.11815561959654
3,1.0984992392753299,36.07382550335571,2.7284365859449182,37.23342939481268
3,1.1003264535414545,36.16220735785953,2.718348919521279,37.06051873198847
3,1.1042886795181976,36.125,2.7139144619489044,37.46397694524496
3,1.1067476634916507,36.21262458471761,2.717704937205337,36.71469740634006
3,1.1109695731024993,36.175496688741724,2.7282894608062533,36.48414985590778
3,1.1147855672397111,36.179867986798676,2.748007294769111,36.195965417867434
3,1.1188156882399007,36.14309210526316,2.761531168964052,36.31123919308357
3,1.1225340123239316,36.10655737704918,2.7701674386652932,36.195965417867434
3,1.1281196639726037,35.98856209150327,2.778098078916699,35.67723342939481
3,1.1312708366858333,35.99348534201955,2.7884805427718273,35.79250720461095
3,1.1343385732487627,36.03896103896104,2.7965931524329473,35.90778097982709
3,1.1381856308171623,36.04368932038835,2.7831136971574773,36.080691642651296
3,1.1421700356822264,36.00806451612903,2.7866083139098734,36.31123919308357
3,1.1457865566015244,35.932475884244376,2.7885361019916797,36.2536023054755
3,1.1498985687368795,35.9375,2.7727233734548364,36.080691642651296
3,1.153856562470135,35.90255591054313,2.76439715585401,36.48414985590778
3,1.1569559083173149,35.90764331210191,2.7522078466854887,36.945244956772335
3,1.1604876626479,35.87301587301587,2.73502630846841,37.46397694524496
3,1.1631160161997143,35.95727848101266,2.720037915190244,37.694524495677236
3,1.1661888815854724,36.00157728706625,2.710791542508086,37.98270893371758
3,1.169207910801235,36.045597484276726,2.711138953261661,38.38616714697406
3,1.173353852096357,36.010971786833856,2.701941771441341,38.27089337175793
3,1.1771044266851325,35.9765625,2.700494870612149,37.98270893371758
3,1.180705067985936,35.981308411214954,2.7139832770220145,38.44380403458213
3,1.1834476885042693,36.024844720496894,2.728473135952576,37.46397694524496
3,1.1876717125114642,36.06811145510836,2.745682226897385,37.17579250720461
3,1.1914522569430501,36.03395061728395,2.7691958082436416,37.002881844380404
3,1.1933031637417644,36.11538461538461,2.785201267163325,37.11815561959654
3,1.1976329696805854,36.081288343558285,2.7935585140632595,36.829971181556196
3,1.2004360346417677,36.12385321100918,2.7913361958095004,37.17579250720461
3,1.2046934987369338,36.051829268292686,2.788321143471151,37.5792507204611
3,1.2085791744683918,35.98024316109422,2.7799167753913987,38.27089337175793
3,1.2144495060569362,35.871212121212125,2.7637838993204356,38.44380403458213
3,1.2192894518375397,35.80060422960725,2.750576093998922,38.674351585014406
3,1.2220770961359928,35.80572289156626,2.7364825081715387,38.847262247838614
3,1.22479105121211,35.810810810810814,2.7246464073383314,39.07780979827089
3,1.2285456958569978,35.778443113772454,2.7118790232091454,38.96253602305475
3,1.2328252302972893,35.74626865671642,2.705370592631503,39.2507204610951
3,1.2350408558782777,35.825892857142854,2.70264413005196,39.2507204610951
3,1.2386447271234111,35.83086053412463,2.701617442517786,38.789625360230545
3,1.2422278117192418,35.835798816568044,2.7041857599662746,38.5014409221902
3,1.246509479378399,35.80383480825959,2.7045661524144187,38.789625360230545
3,1.2504919561900592,35.80882352941177,2.701593892365557,38.328530259366
3,1.2517953237420634,35.96041055718475,2.7034787252751364,37.98270893371758
3,1.2573063735899173,35.89181286549707,2.7069780617815007,37.52161383285303
3,1.261696877761891,35.82361516034985,2.7053805347961215,37.46397694524496
3,1.2654168183866301,35.792151162790695,2.7054077342907954,37.002881844380404
3,1.2704729078631651,35.76086956521739,2.713440128185782,36.080691642651296
3,1.2755448283333528,35.72976878612717,2.7450711106375065,35.273775216138326
3,1.2790679368533586,35.69884726224784,2.787390122215869,34.46685878962536
3,1.281923716476089,35.73994252873563,2.813733944695117,33.94812680115274
3,1.2852234352576106,35.74498567335244,2.834285813542555,33.89048991354467
3,1.2877095735386799,35.785714285714285,2.858743152310771,33.487031700288185
3,1.2905661757055082,35.826210826210826,2.86951079950904,33.25648414985591
3,1.293723338371829,35.86647727272727,2.8475401187272666,33.19884726224784
3,1.296826747059822,35.87110481586402,2.8259978019696774,33.71757925072046
3,1.3007066207496742,35.87570621468927,2.8154395263865246,34.12103746397695
3,1.3046992165477653,35.88028169014085,2.8057882620991648,34.87031700288185
3,1.3071158755766719,35.91994382022472,2.8031469138536584,34.985590778097986
3,1.3094303612646303,35.99439775910364,2.8056038634568314,34.92795389048992
3,1.3121722759384857,36.06843575418994,2.806054192204629,35.10086455331412
3,1.3162839765611447,36.07242339832869,2.8191523365161384,35.331412103746395
3,1.319702271254439,36.145833333333336,2.8158453741381244,35.389048991354464
3,1.3232511634889401,36.149584487534625,2.803946311023378,35.67723342939481
3,1.3260135740041732,36.187845303867405,2.793297240261658,35.67723342939481
3,1.3294629710285286,36.19146005509642,2.7809373722647743,36.080691642651296
3,1.3343348548600549,36.092032967032964,2.7603321476466096,36.2536023054755
3,1.3383221925873505,36.06164383561644,2.740245314237709,36.945244956772335
3,1.3406100334305513,36.099726775956285,2.7244915022828065,37.46397694524496
3,1.3428585435214795,36.13760217983651,2.7183261082469046,36.945244956772335
3,1.3455450773239135,36.20923913043478,2.719367354146896,36.887608069164266
3,1.3479221097732845,36.28048780487805,2.727005053775102,36.77233429394813
3,1.3508636112275876,36.317567567567565,2.7473919199359034,36.31123919308357
3,1.35386796264272,36.320754716981135,2.7682832853035992,35.56195965417867
3,1.3586278217403511,36.25672043010753,2.758323229952342,36.195965417867434
3,1.3620477078776612,36.22654155495979,2.7642625537336145,36.48414985590778
3,1.3652648039554294,36.26336898395722,2.7669647728792532,37.002881844380404
3,1.3680621581642252,36.266666666666666,2.7712091064672864,37.06051873198847
3,1.3720241498006018,36.26994680851064,2.776920512524618,36.887608069164266
3,1.3762218037718221,36.206896551724135,2.771417908404829,37.23342939481268
3,1.3777766138315202,36.276455026455025,2.778404423718079,37.002881844380404
3,1.3813333767025093,36.21372031662269,2.78052494904962,37.52161383285303
3,1.3848116779013684,36.151315789473685,2.7892859531437746,37.5792507204611
3,1.387139935556211,36.15485564304462,2.8082025592228232,37.752161383285305
3,1.3892831978045013,36.223821989528794,2.819124283603809,38.15561959654179
3,1.3914803370049125,36.29242819843342,2.8438868102390096,38.5014409221902
3,1.3950989067554473,36.295572916666664,2.8516569005728867,38.5014409221902
3,1.3987827699435385,36.26623376623377,2.8635835499258087,38.09798270893372
3,1.4003656608493704,36.33419689119171,2.8828870321748443,37.46397694524496
3,1.4051395913487987,36.304909560723516,2.8137674337158556,37.29106628242075
3,1.4078207814379742,36.34020618556701,2.770481577666674,37.34870317002882
3,1.4109867894335797,36.34318766066838,2.7599676435444214,37.11815561959654
3,1.4145898346838197,36.37820512820513,2.8017764953973656,36.829971181556196
3,1.418066304451541,36.41304347826087,2.8391841573099934,35.73487031700288
3,1.421810014781199,36.44770408163265,2.8668658837744716,35.10086455331412
3,1.424847369601852,36.45038167938932,2.871924879913506,35.56195965417867
3,1.4255415781548149,36.611675126903556,2.8624079090109618,36.023054755043226
3,1.4278234579061206,36.61392405063291,2.8216958974363617,36.887608069164266
3,1.4319009263264506,36.58459595959596,2.7647889621796145,38.674351585014406
3,1.4346923009345407,36.6183879093199,2.7326144804053594,39.596541786743515
3,1.4375901241051523,36.5891959798995,2.71474432780446,39.76945244956772
3,1.4418880230502078,36.59147869674185,2.7059031236006916,39.596541786743515
3,1.4446716129779815,36.59375,2.7156177781144595,38.15561959654179
3,1.4467096248739644,36.65835411471322,2.7307150259545323,37.752161383285305
3,1.4502026076379575,36.62935323383085,2.746610538201398,37.752161383285305
3,1.4540598623062435,36.66253101736973,2.7355490423017934,37.46397694524496
3,1.4571126644548618,36.633663366336634,2.717218501776594,37.34870317002882
3,1.4592169173453984,36.69753086419753,2.7107887031845235,37.694524495677236
3,1.4643402439983269,36.63793103448276,2.7081912256056264,37.694524495677236
3,1.4671848474364533,36.64004914004914,2.705991601065007,37.52161383285303
3,1.4704816361791209,36.6421568627451,2.709206394610866,37.752161383285305
3,1.4739085889176318,36.6442542787286,2.7072915300246208,37.46397694524496
3,1.4774783895203942,36.676829268292686,2.713145092335714,37.52161383285303
3,1.4796147730789686,36.73965936739659,2.72396145630542,37.06051873198847
3,1.4840183651761005,36.741504854368934,2.7252496895702203,36.829971181556196
3,1.4882590380154157,36.68280871670702,2.724313435466608,36.71469740634006
3,1.4919798014979613,36.65458937198068,2.723837317958955,36.945244956772335
3,1.4952466207115274,36.68674698795181,2.7215834921955513,37.002881844380404
3,1.4982856877540287,36.71875,2.7224225833119333,36.829971181556196
3,1.502176044959771,36.69064748201439,2.725845327025734,36.77233429394813
3,1.5067902146201384,36.63277511961722,2.733817693824592,36.65706051873199
3,1.5106824867035213,36.66467780429594,2.7416662944626697,36.71469740634006
3,1.513759311406236,36.666666666666664,2.753328302488898,36.71469740634006
3,1.51572651894469,36.728028503562946,2.7601931331344463,37.06051873198847
3,1.5188405827472085,36.78909952606635,2.7687840494692053,37.06051873198847
3,1.521469363413359,36.82033096926714,2.772419895993949,37.34870317002882
3,1.5266293698235562,36.79245283018868,2.7549651152527277,37.5792507204611
3,1.5303869595653132,36.73529411764706,2.747632322223505,38.38616714697406
3,1.5338019273783032,36.70774647887324,2.753524266080373,38.847262247838614
3,1.5374108888601001,36.68032786885246,2.775774898616949,37.809798270893374
3,1.5397726893424988,36.76985981308411,2.8074360981514928,37.5792507204611
3,1.5436709554571855,36.77156177156177,2.8222608170751053,37.06051873198847
3,1.547258783014197,36.80232558139535,2.8295200815947923,37.636887608069166
3,1.5507932838640714,36.774941995359626,2.830014518878427,37.92507204610951
3,1.5546847528532932,36.80555555555556,2.811050964939979,38.38616714697406
3,1.5590455008180517,36.80715935334873,2.7943829177162063,38.21325648414986
3,1.563507498565473,36.77995391705069,2.775729716098803,37.86743515850144
3,1.5661671036168148,36.810344827586206,2.758004850506233,37.98270893371758
3,1.5701346915019185,36.81192660550459,2.742593615285812,37.52161383285303
3,1.5745244926527926,36.784897025171624,2.7267707597275486,37.809798270893374
3,1.5771452357894495,36.81506849315068,2.7121534380495276,37.636887608069166
3,1.581312467236268,36.81662870159453,2.7027050399560535,38.15561959654179
3,1.5844512004601328,36.81818181818182,2.699335625094752,38.328530259366
3,1.588798513537959,36.81972789115646,2.7138579413638135,38.15561959654179
3,1.5916540832895982,36.84954751131222,2.72801318476277,37.809798270893374
3,1.595307466544603,36.8510158013544,2.7385142668051654,36.945244956772335
3,1.5996130287647248,36.796171171171174,2.74651945131715,36.77233429394813
3,1.602148016659837,36.825842696629216,2.7411074413132557,36.887608069164266
3,1.6059138506650925,36.827354260089685,2.75355985746955,37.002881844380404
3,1.608835043562086,36.85682326621924,2.7788867477997106,36.71469740634006
3,1.6121760749503187,36.85825892857143,2.807073745310032,36.48414985590778
3,1.61489775918032,36.85968819599109,2.8370767134125883,35.90778097982709
3,1.6191682603798414,36.833333333333336,2.878058571969309,35.56195965417867
3,1.6223484461244784,36.83481152993348,2.870828594480242,35.44668587896253
3,1.6245425302731364,36.86393805309734,2.8303599440007714,36.48414985590778
3,1.6297236116308915,36.81015452538632,2.7965677355841008,37.17579250720461
3,1.6338118368073513,36.784140969163,2.768434524536133,36.77233429394813
3,1.6381352603435517,36.785714285714285,2.7541574113379976,36.71469740634006
3,1.6406392985268643,36.81469298245614,2.7593042801052743,36.65706051873199
3,1.64391365176753,36.816192560175054,2.7678133458036434,36.71469740634006
3,1.64796356966621,36.790393013100434,2.7705122573035106,37.17579250720461
3,1.6522497798267164,36.76470588235294,2.751870717321123,37.92507204610951
3,1.6573809112373152,36.73913043478261,2.7189709305213894,37.809798270893374
3,1.6604181405745055,36.740780911062906,2.69166751281457,38.38616714697406
3,1.662940222181772,36.76948051948052,2.6752821542150964,38.847262247838614
3,1.6651165555966527,36.79805615550756,2.6739984541994084,38.789625360230545
3,1.6677839952079874,36.82650862068966,2.6820860112317697,39.2507204610951
3,1.6729104639668213,36.774193548387096,2.6819858518064295,39.538904899135446
3,1.6760152567374078,36.77575107296137,2.6912653753834386,38.96253602305475
3,1.6799847293841212,36.723768736616705,2.7098359331007926,38.731988472622476
3,1.6830376959160755,36.72542735042735,2.726077698342811,38.44380403458213
3,1.6861763601240358,36.75373134328358,2.723931696008427,38.90489913544668
3,1.6886323420624985,36.755319148936174,2.712136041184175,39.07780979827089
3,1.6924306169936532,36.78343949044586,2.7082527711094797,39.596541786743515
3,1.6951332459324284,36.811440677966104,2.704106711022865,39.07780979827089
3,1.697634404583981,36.83932346723044,2.6990684952054704,39.19308357348703
3,1.7003115148920762,36.86708860759494,2.700091485054262,39.07780979827089
3,1.7049900889396667,36.86842105263158,2.6933050891770747,39.2507204610951
3,1.7090892644304978,36.86974789915966,2.684405067549323,38.90489913544668
3,1.7128568216374045,36.87106918238994,2.687869470240334,39.30835734870317
3,1.7167788662408527,36.87238493723849,2.6866033176123274,39.07780979827089
3,1.7203843264203322,36.873695198329855,2.680871714644718,38.90489913544668
3,1.723679444664403,36.875,2.6808936057552213,38.847262247838614
3,1.7253646171406696,36.92827442827443,2.6802717749424243,38.90489913544668
3,1.7283453199424241,36.92946058091286,2.681937873088819,38.731988472622476
3,1.7303203556098437,37.03416149068323,2.6772156651668286,39.07780979827089
3,1.7341703479227266,37.06095041322314,2.669586588160783,39.07780979827089
3,1.7366496940976694,37.11340206185567,2.6664855123115574,38.96253602305475
3,1.7402417927980423,37.08847736625514,2.6508090578465966,39.2507204610951
3,1.7425646121564664,37.114989733059545,2.648535013748204,39.19308357348703
3,1.7457841350844032,37.09016393442623,2.6549557051900345,39.13544668587896
3,1.7489566381040373,37.09100204498978,2.680094517321081,38.55907780979827
3,1.753456574207858,37.09183673469388,2.713255359280494,38.27089337175793
3,1.7570242070838025,37.09266802443992,2.733017773672183,37.92507204610951
3,1.7604013977866424,37.11890243902439,2.778918236631402,36.71469740634006
3,1.7619703896735843,37.19574036511156,2.806322508693291,36.36887608069164
3,1.765595913090204,37.19635627530364,2.809923733983721,36.54178674351585
3,1.7695523891009783,37.17171717171717,2.7852367195665564,37.17579250720461
3,1.7743427999709782,37.121975806451616,2.732956250142392,37.92507204610951
3,1.7773656617653997,37.147887323943664,2.6920315801822645,38.674351585014406
3,1.7808840944578772,37.17369477911647,2.671290035621362,38.96253602305475
3,1.7837078334469545,37.14929859719439,2.6795367090383433,38.90489913544668
3,1.7861602842807769,37.2,2.6893335992839478,38.5014409221902
3,1.790454036624808,37.20059880239521,2.6959544716892156,38.15561959654179
3,1.7922570645809173,37.22609561752988,2.6987077431744693,37.5792507204611
3,1.7950855948423083,37.27634194831014,2.7179594622229653,37.23342939481268
3,1.800344741344452,37.22718253968254,2.725872301286267,37.40634005763689
3,1.8028875950135683,37.25247524752475,2.714511979560149,37.694524495677236
3,1.8066190274138199,37.25296442687747,2.693568734529381,37.809798270893374
3,1.8090906772174333,37.27810650887574,2.6800059926125313,38.09798270893372
3,1.8113694402732348,37.303149606299215,2.6829423168287847,37.809798270893374
3,1.8139647612446232,37.32809430255403,2.7006592904367754,37.46397694524496
3,1.817346450843309,37.32843137254902,2.7157300452482867,37.29106628242075
3,1.820657450588126,37.353228962818,2.7237117111957567,37.29106628242075
3,1.824101893211666,37.3779296875,2.7132996035061674,37.52161383285303
3,1.8269604708019056,37.402534113060426,2.705826102588583,37.52161383285303
3,1.8318240755482724,37.3784046692607,2.6792526280825038,37.86743515850144
3,1.834472391166185,37.42718446601942,2.6515124470407514,38.09798270893372
3,1.8365197773042479,37.42732558139535,2.6278286230179573,38.61671469740634
3,1.8410946461715196,37.40328820116054,2.6096329985675726,38.674351585014406
3,1.8432547382618252,37.45173745173745,2.60473593671201,38.731988472622476
3,1.8472620096645858,37.42774566473989,2.6123922574355305,38.847262247838614
3,1.85146128111764,37.40384615384615,2.6142558389545036,39.07780979827089
3,1.8532848504028823,37.452015355086374,2.6199626123300894,39.538904899135446
3,1.8569167383407292,37.40421455938697,2.6318755567348497,38.44380403458213
3,1.860659409981025,37.380497131931165,2.6460640864438174,38.15561959654179
3,1.8655003106907795,37.3807251908397,2.668740144523058,37.809798270893374
3,1.8701923673090182,37.30952380952381,2.690270088235354,37.34870317002882
3,1.8738634898474342,37.30988593155894,2.6743067239286713,37.636887608069166
3,1.8775881335923545,37.31024667931689,2.6530182564862863,37.98270893371758
3,1.88070302715427,37.31060606060606,2.621315304584767,38.38616714697406
3,1.8840266097533076,37.28733459357278,2.602114802681356,38.674351585014406
3,1.8854364087707118,37.35849056603774,2.6067529598139396,38.96253602305475
3,1.8880799958580419,37.38229755178908,2.6339919616549796,38.90489913544668
3,1.8919932057982998,37.359022556390975,2.6490404836593138,38.61671469740634
3,1.8956608897761296,37.35928705440901,2.6675786120550975,38.38616714697406
3,1.8994174812969409,37.38295880149813,2.6848343918400426,38.847262247838614
3,1.902187516814784,37.40654205607477,2.7050625442909206,38.61671469740634
3,1.9071536067285035,37.360074626865675,2.6798309774442752,38.731988472622476
3,1.9104013744153474,37.38361266294227,2.6554666938869635,38.674351585014406
3,1.91338941078437,37.40706319702602,2.6320344138255316,39.07780979827089
3,1.9161939238247119,37.430426716141,2.6170771418628607,39.42363112391931
3,1.9180429640569185,37.5,2.599266128605961,39.596541786743515
3,1.9211883359833768,37.5,2.58924999050281,39.481268011527376
3,1.9248199434656845,37.5,2.5930832574993783,39.02017291066282
3,1.9286299407482148,37.476979742173114,2.6154458033873738,39.02017291066282
3,1.9330609171014084,37.45404411764706,2.683959584631678,37.98270893371758
3,1.9362330355142292,37.45412844036697,2.7839316019814135,36.2536023054755
3,1.9400744927556892,37.43131868131868,2.8446127967351043,34.63976945244957
3,1.9451185320553026,37.36288848263254,2.892436618629139,34.00576368876081
3,1.9478796296998073,37.38594890510949,2.9068572828846593,34.40922190201729
3,1.9503486410567634,37.40892531876138,2.900869470038172,34.63976945244957
3,1.9515596245464526,37.47727272727273,2.854268594271576,35.67723342939481
3,1.9543010306985755,37.47731397459165,2.834379946031878,36.2536023054755
3,1.9578566046137558,37.477355072463766,2.769101661471178,37.29106628242075
3,1.959100285015608,37.545207956600365,2.7275663070415024,37.636887608069166
3,1.9623870855883547,37.545126353790614,2.7029648035902034,37.92507204610951
3,1.965698924817537,37.52252252252252,2.6955563005763814,37.752161383285305
3,1.9687488637472454,37.54496402877698,2.737369315964835,37.86743515850144
3,1.9707373677115692,37.58976660682226,2.7819857811598183,37.40634005763689
3,1.9736102516713896,37.61200716845878,2.763125673966474,37.86743515850144
3,1.9759692094827954,37.65652951699463,2.7248079985517513,38.5014409221902
3,1.9797747753168407,37.65625,2.685436472365384,38.674351585014406
3,1.982595558856663,37.65597147950089,2.645455247795527,38.96253602305475
3,1.9856237671877208,37.655693950177934,2.6239728449676445,39.596541786743515
3,1.9882801457455284,37.699822380106575,2.61078044978155,39.76945244956772
3,1.9914511893924913,37.69946808510638,2.5930156070515857,39.596541786743515
3,1.9949714290468317,37.69911504424779,2.5713318528667575,40.345821325648416
3,1.9989858941027994,37.67667844522968,2.5444416936641465,40.518731988472624
3,2.001531736474288,37.698412698412696,2.529328381960293,40.80691642651297
3,2.003437647380327,37.742077464788736,2.529526226806201,40.69164265129683
3,2.0047012081271722,37.82952548330404,2.5381257347247566,41.09510086455332
3,2.0079919862119775,37.828947368421055,2.5482400669480247,41.03746397694525
3,2.0126404106616973,37.784588441330996,2.5624673512124794,41.325648414985594
3,2.0159274782005108,37.78409090909091,2.5753864948101306,41.09510086455332
3,2.019483286142349,37.78359511343805,2.592686121914244,40.69164265129683
3,2.0222486015997436,37.80487804878049,2.608960343670735,40.345821325648416
3,2.025671844733389,37.78260869565217,2.6275090682341755,39.13544668587896
3,2.0280978417710256,37.825520833333336,2.6344007775530836,39.42363112391931
3,2.031460046925043,37.846620450606586,2.625146973792309,39.88472622478386
3,2.0341749255594452,37.86764705882353,2.6208698752288995,40.0
3,2.037411778380996,37.86701208981002,2.6138593051840084,39.88472622478386
3,2.0411134950424494,37.866379310344826,2.597102383314739,40.17291066282421
3,2.0447561836556383,37.8657487091222,2.5736066421605477,40.403458213256485
3,2.04963480375315,37.86512027491409,2.5652624780681275,40.17291066282421
3,2.053509142367463,37.843053173241856,2.5569176036641346,40.403458213256485
3,2.0568384777558477,37.842465753424655,2.5652614581969475,40.17291066282421
3,2.0605044620601753,37.84188034188034,2.59169931867705,39.94236311239193
3,2.06534772154532,37.86262798634812,2.6247924599230017,39.42363112391931
3,2.0680120294031346,37.883304940374785,2.6758336867055585,38.90489913544668
3,2.0712427777679343,37.88265306122449,2.71549022417464,38.27089337175793
3,2.075159149891452,37.903225806451616,2.7229379437486148,38.21325648414986
3,2.079536812085854,37.88135593220339,2.723312022499225,38.27089337175793
3,2.082778849256666,37.880710659898476,2.70744412285941,38.55907780979827
3,2.086229039963923,37.8589527027027,2.692989166980515,38.38616714697406
3,2.088588449829503,37.90050590219224,2.670537579444147,39.13544668587896
3,2.0922317711930525,37.878787878787875,2.6548210107785764,39.538904899135446
3,2.0945841607294584,37.89915966386555,2.6323263842938682,39.596541786743515
3,2.098276384880668,37.89848993288591,2.622571389795998,39.711815561959654
3,2.101396159749282,37.91876046901172,2.611673964882776,39.711815561959654
3,2.1040248491262137,37.95986622073578,2.6053124026219416,39.596541786743515
3,2.1076171805984094,37.95909849749582,2.608361769381756,39.07780979827089
3,2.110694790200183,37.979166666666664,2.61990841467809,38.789625360230545
3,2.1133481681346895,37.999168053244595,2.635239977990427,38.847262247838614
3,2.116513988532518,37.998338870431894,2.6372191966404013,39.13544668587896
3,2.119551250495409,37.99751243781095,2.6176438581558967,39.82708933717579
3,2.1220142976233833,38.038079470198674,2.6118705179284794,39.76945244956772
3,2.127716694693816,38.01652892561984,2.6069569274577127,40.0
3,2.1309017523338922,38.03630363036304,2.609134298590471,39.538904899135446
3,2.1357572633969157,37.994233937397034,2.6425189027039138,39.596541786743515
3,2.1397246812519275,38.0139802631579,2.6913417649159235,39.36599423631124
3,2.1428373581484745,38.033661740558294,2.717417494217921,38.674351585014406
3,2.1451559745951703,38.05327868852459,2.7242612171282965,38.731988472622476
3,2.14852602372044,38.07283142389525,2.7175123350960866,38.55907780979827
3,2.1540888988658002,38.03104575163399,2.6431918083797403,39.88472622478386
3,2.1560628754527946,38.091353996737354,2.5812495023973527,41.268011527377524
3,2.156952919771797,38.1514657980456,2.553615297040632,41.61383285302594
3,2.160608461969777,38.15040650406504,2.536546253388928,41.671469740634
3,2.163656965054964,38.169642857142854,2.5369519201291872,41.44092219020173
3,2.167786066783102,38.16855753646677,2.5473961558210134,41.210374639769455
3,2.170598630528701,38.18770226537217,2.5689431928819224,40.63400576368876
3,2.1731890908981626,38.22697899838449,2.5912187126924366,40.345821325648416
3,2.1760630825632497,38.20564516129032,2.610655111651267,39.30835734870317
3,2.179134362465457,38.22463768115942,2.6363544469604845,38.44380403458213
3,2.182516945820106,38.2435691318328,2.646587385559961,38.44380403458213
3,2.1849591215974407,38.282504012841095,2.6639361458439983,37.809798270893374
3,2.1881695679928126,38.28125,2.665723278775193,37.52161383285303
3,2.1927187541597766,38.26,2.657252791839811,38.328530259366
3,2.195474203793626,38.25878594249201,2.667959132502156,38.27089337175793
3,2.197931064900599,38.27751196172249,2.6855924997461558,38.04034582132565
3,2.202098201607403,38.25636942675159,2.6854706909250003,37.92507204610951
3,2.205622529199249,38.27503974562798,2.6989410203722763,37.52161383285303
3,2.2094113878513637,38.273809523809526,2.69229760202944,38.04034582132565
3,2.21401942733087,38.23296354992076,2.687885127858632,38.09798270893372
3,2.2157330015772265,38.27136075949367,2.6685046328377613,38.38616714697406
3,2.2200332094179958,38.25039494470774,2.653917434578118,38.731988472622476
3,2.2232068273581955,38.268927444794954,2.627374600430238,39.481268011527376
3,2.2261858587202275,38.30708661417323,2.6002961792704147,39.94236311239193
3,2.2285511942286242,38.34512578616352,2.5899094620607963,40.288184438040346
3,2.231065355947143,38.36342229199372,2.578772452295101,40.461095100864554
3,2.2341892742796947,38.36206896551724,2.5761314440982135,40.17291066282421
3,2.2375359154061267,38.36071987480438,2.5930327525885972,39.654178674351584
3,2.240516388259436,38.359375,2.613809780041743,39.654178674351584
3,2.2443569360595,38.338533541341654,2.6488328183301584,39.02017291066282
3,2.2490429139450976,38.29828660436137,2.6469043350439465,39.13544668587896
3,2.2538756867772656,38.27760497667185,2.6408064359893446,39.42363112391931
3,2.2580348257955754,38.23757763975155,2.6390070132396186,39.42363112391931
3,2.2617264956235887,38.21705426356589,2.638450473409644,39.711815561959654
3,2.265599631165203,38.17724458204334,2.630567594607305,40.17291066282421
3,2.2686808280254667,38.195517774343124,2.6281707556016984,39.596541786743515
3,2.2731513065727134,38.17515432098765,2.6227314686445595,39.654178674351584
3,2.2761826472847084,38.21263482280431,2.6069544430152614,40.17291066282421
3,2.2797088216794164,38.19230769230769,2.5899463584346156,40.403458213256485
3,2.281697625549216,38.22964669738863,2.5912233816313854,39.94236311239193
3,2.285097054745022,38.247699386503065,2.5954812570101655,39.36599423631124
3,2.286998150693743,38.28483920367535,2.604412365069587,38.847262247838614
3,2.288397390120908,38.34097859327217,2.6151829581656214,38.55907780979827
3,2.2929152302051845,38.3206106870229,2.592654959122706,38.674351585014406
3,2.295876546439372,38.31935975609756,2.5703944879742813,38.38616714697406
3,2.300428133104977,38.29908675799087,2.55463265438783,38.27089337175793
3,2.30414610395306,38.297872340425535,2.534677697491536,39.19308357348703
3,2.3082935080716482,38.277693474962064,2.522407373250355,39.94236311239193
3,2.3109857331765324,38.25757575757576,2.524367178640058,40.11527377521614
3,2.3143607470550034,38.25642965204236,2.5327017557236458,39.88472622478386
3,2.317884281591365,38.255287009063444,2.5496632830338544,40.57636887608069
3,2.3210372719325516,38.25414781297134,2.560877487681428,39.82708933717579
3,2.324510020488187,38.23418674698795,2.5779095459643595,39.76945244956772
3,2.326876521267389,38.25187969924812,2.5689250546666336,40.11527377521614
3,2.330369696962206,38.26951951951952,2.5814211621262513,39.76945244956772
3,2.3337212595500443,38.26836581709146,2.5683435039586184,40.23054755043228
3,2.3368973037129956,38.285928143712574,2.5420930566875617,40.80691642651297
3,2.339425609770574,38.32212257100149,2.528411726248429,40.92219020172911
3,2.343688377737999,38.28358208955224,2.528641659268586,40.97982708933718
3,2.34584016627387,38.30104321907601,2.5472161118885337,40.63400576368876
3,2.3494434756667992,38.29985119047619,2.576996105607204,40.518731988472624
3,2.3531930115662125,38.28008915304606,2.59274408729395,40.23054755043228
3,2.3577815518567435,38.27893175074184,2.5758673317970766,40.0
3,2.3627551927378305,38.25925925925926,2.575023308602346,39.94236311239193
3,2.3656089454889297,38.258136094674555,2.5780023635807123,40.0
3,2.367921162906446,38.29394387001477,2.569890740555003,40.69164265129683
3,2.370490812471038,38.31120943952802,2.567931491383759,40.63400576368876
3,2.3722556623973343,38.36524300441826,2.564209126931731,40.7492795389049
3,2.3772216378073945,38.32720588235294,2.554730811701392,41.03746397694525
3,2.3807763898058942,38.32599118942731,2.554119810530667,40.7492795389049
3,2.383437006253945,38.32478005865103,2.564021066037191,41.09510086455332
3,2.3863759506689877,38.32357247437775,2.58640662453691,40.63400576368876
3,2.3895899592261567,38.340643274853804,2.6093980414526805,39.538904899135446
3,2.3943684090124933,38.339416058394164,2.5569468841025356,40.518731988472624
3,2.3979034833217923,38.33819241982507,2.5114484432106194,40.92219020172911
3,2.402209430148727,38.33697234352256,2.500039066037824,41.152737752161386
3,2.4059679406253913,38.317587209302324,2.5063759950998192,41.44092219020173
3,2.4083295353149112,38.35268505079826,2.5225680912694624,41.38328530259366
3,2.411385652422905,38.369565217391305,2.5370019652327085,41.09510086455332
3,2.413984172281466,38.404486251808976,2.55153063255521,40.97982708933718
3,2.4172238905178873,38.403179190751445,2.556662552367707,41.03746397694525
3,2.419727763063029,38.41991341991342,2.567627000094559,40.80691642651297
3,2.423567934726414,38.40057636887608,2.5722515665441064,40.403458213256485
3,2.425843617320061,38.45323741007194,2.57480244757393,40.23054755043228
3,2.429075211757108,38.451867816091955,2.5783262049547537,40.345821325648416
3,2.431610552103896,38.468436154949785,2.5777192829940727,39.538904899135446
3,2.4341306833844434,38.48495702005731,2.577571224232423,39.654178674351584
3,2.4352270752975813,38.55507868383405,2.581009464604514,39.94236311239193
3,2.437812901405912,38.57142857142857,2.5837821586890155,39.82708933717579
3,2.44076424295965,38.56990014265335,2.5950500731643995,38.96253602305475
3,2.444772713984314,38.550569800569804,2.6067236645430465,39.13544668587896
3,2.4463809486282497,38.60241820768137,2.6226404210389482,39.07780979827089
3,2.449225139225784,38.60085227272727,2.6344967742669416,39.02017291066282
3,2.4518559342152195,38.59929078014184,2.6239877466781896,39.42363112391931
3,2.455438751217566,38.59773371104816,2.6147754912002843,39.76945244956772
3,2.4593806159339455,38.57850070721358,2.5954243263341317,39.94236311239193
3,2.463896244685901,38.541666666666664,2.581065934374585,39.711815561959654
3,2.469143380224705,38.52256699576869,2.572152169893414,40.11527377521614
3,2.47264108461769,38.521126760563384,2.576710896283251,40.23054755043228
3,2.477002494821423,38.4845288326301,2.5868704082779073,39.82708933717579
3,2.480918843416791,38.48314606741573,2.590908857534558,39.42363112391931
3,2.4841291718577083,38.481767180925665,2.6059599623152736,39.596541786743515
3,2.4871580094883314,38.497899159663866,2.620569259889664,39.30835734870317
3,2.490634360046763,38.49650349650349,2.6374935897813963,39.30835734870317
3,2.494472403510621,38.49511173184357,2.672690103405632,38.44380403458213
3,2.4983102515339852,38.47629009762901,2.702030668610252,38.04034582132565
3,2.504365582136731,38.47493036211699,2.718111826802179,38.15561959654179
3,2.5065312395754615,38.525730180806676,2.7168493419198945,38.328530259366
3,2.508949489891529,38.541666666666664,2.6807580419949124,38.61671469740634
3,2.511634300492312,38.55755894590846,2.627271294319135,39.2507204610951
3,2.514282795865285,38.57340720221607,2.6206599158076096,39.596541786743515
3,2.517793722450733,38.57192254495159,2.6204683753202587,39.2507204610951
3,2.5212443479581883,38.58770718232044,2.6268947536494873,39.42363112391931
3,2.523856469126124,38.60344827586207,2.6196963839267258,39.30835734870317
3,2.528164570504113,38.60192837465565,2.5962274840899875,39.42363112391931
3,2.532416058449369,38.56602475928473,2.5678485662157087,40.17291066282421
3,2.5342733212991764,38.5989010989011,2.5722135277937084,40.461095100864554
3,2.5366164840365713,38.63168724279836,2.5753657490976396,40.403458213256485
3,2.5392114687122795,38.66438356164384,2.5728024497010193,40.11527377521614
3,2.5451360769177738,38.62859097127223,2.543588750373383,40.97982708933718
3,2.547808511084632,38.627049180327866,2.526587719466829,41.210374639769455
3,2.551285613916422,38.608458390177354,2.5164068558249055,42.01729106628242
3,2.554652350278277,38.606948228882835,2.5226215137864036,42.01729106628242
3,2.55857318177035,38.58843537414966,2.547305210944145,42.01729106628242
3,2.5626631543040275,38.55298913043478,2.5787118934266577,41.61383285302594
3,2.567906147633728,38.51763907734057,2.6183621353268074,40.23054755043228
3,2.571296397086821,38.49932249322493,2.653750314965226,39.2507204610951
3,2.5741551183556255,38.49797023004059,2.6858937487624206,38.15561959654179
3,2.5765038321677007,38.513513513513516,2.6895368994655695,37.92507204610951
3,2.580617533624172,38.49527665317139,2.6632482208963912,38.15561959654179
3,2.5838977441191675,38.49393530997305,2.6365417717239272,38.847262247838614
3,2.5877151860218297,38.475773889636606,2.6334577680732796,38.674351585014406
3,2.5912676244189865,38.4744623655914,2.6072330301807773,39.02017291066282
3,2.5931028542549988,38.506711409395976,2.5872640744332345,39.42363112391931
3,2.5963127234264425,38.5053619302949,2.5631134180429345,39.654178674351584
3,2.600206777688704,38.48728246318608,2.5139538376562056,40.23054755043228
3,2.6052154933935716,38.43582887700535,2.481718066925277,40.80691642651297
3,2.6089621284290363,38.43457943925234,2.469694242499391,40.05763688760807
3,2.613095077166432,38.4,2.45953349666112,40.86455331412104
3,2.6174409396554292,38.39880159786951,2.4642079969704973,41.03746397694525
3,2.6211171483522966,38.39760638297872,2.4720711771244277,40.86455331412104
3,2.6234178052921044,38.396414342629484,2.485281177380118,40.86455331412104
3,2.6285015193255323,38.36206896551724,2.501127254578375,40.69164265129683
3,2.6315319414985807,38.37748344370861,2.5101013757666135,40.97982708933718
3,2.634973200606672,38.34325396825397,2.5162124732672346,41.268011527377524
3,2.6378884135892515,38.37516512549538,2.5316203909535564,41.03746397694525
3,2.6396487305823126,38.406992084432716,2.5417891048615977,40.57636887608069
3,2.642202183839522,38.43873517786561,2.542267962809532,40.403458213256485
3,2.6424244328156896,38.44887205664416,2.5438823480210546,40.288184438040346
4,0.004143730590217992,25.0,2.6793424385483915,39.07780979827089
4,0.007678264065792686,37.5,2.67019467419743,39.19308357348703
4,0.011203652620315552,37.5,2.657857876768859,39.481268011527376
4,0.01529747435921117,37.5,2.6396352613027196,40.17291066282421
4,0.01712149789458827,42.5,2.6205895496403566,39.82708933717579
4,0.019720108258096794,45.833333333333336,2.5984529234846616,39.481268011527376
4,0.022095581104880885,46.42857142857143,2.5784444913336757,40.11527377521614
4,0.025008132896925273,45.3125,2.5652391723773444,39.76945244956772
4,0.02982453107833862,43.05555555555556,2.558598318682288,40.05763688760807
4,0.03198663560967696,45.0,2.560334168546211,40.403458213256485
4,0.033499343771683544,47.72727272727273,2.552847609267257,40.97982708933718
4,0.03635369100068745,47.916666666666664,2.5483168217993004,40.97982708933718
4,0.037588878524930855,50.0,2.5501253110472506,40.7492795389049
4,0.041031223692392045,49.107142857142854,2.5448141001885936,40.69164265129683
4,0.04493417504586671,48.333333333333336,2.545865073456742,41.03746397694525
4,0.04746456773657548,49.21875,2.551347952559247,40.97982708933718
4,0.051345893583799665,48.529411764705884,2.57058320864005,41.03746397694525
4,0.05361858669080232,47.916666666666664,2.590296795565961,41.55619596541787
4,0.057756372501975614,46.71052631578947,2.5594564316459514,42.13256484149856
4,0.0618982217813793,45.0,2.544276229796871,41.78674351585014
4,0.06700151813657661,43.45238095238095,2.5236625333535505,42.190201729106626
4,0.06905779352313594,44.31818181818182,2.5099135601575475,41.95965417867435
4,0.07139439504397543,45.108695652173914,2.5111333112562857,41.90201729106628
4,0.0754231018455405,44.270833333333336,2.5218579439523583,42.247838616714695
4,0.0787188835834202,44.5,2.545711625281567,41.671469740634
4,0.0810628875305778,45.19230769230769,2.568727937711549,40.97982708933718
4,0.08432076824338812,45.833333333333336,2.6035517253634017,41.09510086455332
4,0.0865110529096503,46.875,2.6219727943569833,40.518731988472624
4,0.09239963481300756,45.689655172413794,2.638274421065634,40.11527377521614
4,0.0959955864831021,45.0,2.6236867476168864,40.17291066282421
4,0.09987728752587971,44.75806451612903,2.59860093610078,40.86455331412104
4,0.10313493201607152,44.140625,2.5960772946682944,41.268011527377524
4,0.10568306759784096,43.93939393939394,2.5956854595017322,41.78674351585014
4,0.1079876234656886,43.75,2.5990914894688513,41.44092219020173
4,0.10974000096321106,44.285714285714285,2.5979359875076926,41.210374639769455
4,0.11238200633149398,44.09722222222222,2.606826285612748,41.03746397694525
4,0.11708986069026746,43.24324324324324,2.612745876685815,41.44092219020173
4,0.12015271437795538,43.75,2.610075687483159,41.38328530259366
4,0.12382146371038337,43.58974358974359,2.5948147562242325,41.38328530259366
4,0.1269155226255718,44.0625,2.586275002923429,41.4985590778098
4,0.1287195384502411,44.81707317073171,2.577657657559566,41.84438040345821
4,0.13305810689926148,44.04761904761905,2.557526211859444,42.247838616714695
4,0.13525099440624838,43.895348837209305,2.543731126642447,42.76657060518732
4,0.13796885421401575,43.75,2.5474928809750463,42.997118155619596
4,0.140296943564164,44.166666666666664,2.570065618385368,41.61383285302594
4,0.1424162845862539,44.56521739130435,2.5994306420950295,41.152737752161386
4,0.14704019835120755,44.148936170212764,2.612451442650386,41.03746397694525
4,0.1498903252576527,43.75,2.6056271187171407,40.57636887608069
4,0.15220267113886382,43.87755102040816,2.5760233946110245,40.7492795389049
4,0.15501317319117094,43.75,2.5665249585555996,41.03746397694525
4,0.15866240670806483,43.38235294117647,2.553659472048008,41.210374639769455
4,0.1623815445523513,43.02884615384615,2.5434387054311514,41.72910662824207
4,0.16469218511330455,43.39622641509434,2.5357649963572277,42.247838616714695
4,0.16810916473990992,43.51851851851852,2.522866809148393,42.93948126801153
4,0.17035502477696068,43.86363636363637,2.512209241291345,42.76657060518732
4,0.17226482692517733,44.419642857142854,2.5122598041587163,42.07492795389049
4,0.1746900345149793,44.51754385964912,2.5207161856686464,41.90201729106628
4,0.17910175637194986,44.18103448275862,2.509795836863979,42.4207492795389
4,0.18335445491891159,44.067796610169495,2.49508979628163,42.13256484149856
4,0.18578917164551584,44.375,2.488044643182359,42.247838616714695
4,0.18866293085248848,44.467213114754095,2.494727396195935,41.61383285302594
4,0.19204453825950624,44.153225806451616,2.4965686704705936,41.55619596541787
4,0.19506694737233612,44.24603174603175,2.5083228467796257,41.61383285302594
4,0.19873092300013492,44.140625,2.5239959208097327,42.01729106628242
4,0.2030159018541637,43.84615384615385,2.525295784121834,42.07492795389049
4,0.2069395993885241,43.56060606060606,2.5211320406830255,42.01729106628242
4,0.20871832496241519,43.656716417910445,2.521603927359603,42.363112391930834
4,0.21263215698693927,43.38235294117647,2.5118913702701096,42.190201729106626
4,0.21571981373586152,43.29710144927536,2.4972307824868762,42.70893371757925
4,0.21805467056600672,43.57142857142857,2.4827164636778942,42.76657060518732
4,0.22264314874222405,43.13380281690141,2.469895572431626,43.170028818443804
4,0.22517100603956924,43.05555555555556,2.4621418338217493,43.63112391930836
4,0.23066305706375523,42.80821917808219,2.447890897775026,43.054755043227665
4,0.2328565261865917,43.07432432432432,2.439907370075103,43.28530259365994
4,0.23543368311304796,43.333333333333336,2.436268182394142,43.34293948126801
4,0.23746569642895146,43.75,2.4352206623499293,43.054755043227665
4,0.24123290510554063,43.66883116883117,2.4247346655015023,43.57348703170029
4,0.2424280802670278,44.07051282051282,2.421593990468759,43.919308357348704
4,0.24533986629624116,44.30379746835443,2.4240153747769546,43.861671469740635
4,0.24879489533211055,44.375,2.4350888330815574,43.63112391930836
4,0.2520382089834464,44.29012345679013,2.442009621776194,43.45821325648415
4,0.25462696058185474,44.51219512195122,2.456814485760878,43.170028818443804
4,0.2561845383361766,44.87951807228916,2.4637633180288674,43.22766570605187
4,0.25862922095938734,45.089285714285715,2.468360563027694,42.82420749279539
4,0.2630424862629489,44.85294117647059,2.4733695607580897,42.65129682997118
4,0.2664982129868708,44.76744186046512,2.4788239329091963,42.53602305475504
4,0.27057075335791236,44.39655172413793,2.4793610773328263,42.190201729106626
4,0.2728321995390089,44.60227272727273,2.478274983195116,42.190201729106626
4,0.27477247565984725,44.80337078651685,2.475328850856025,42.53602305475504
4,0.2787211384428175,44.583333333333336,2.4692648921144724,42.53602305475504
4,0.2812749948156507,44.78021978021978,2.468231319282461,42.07492795389049
4,0.2855688073917439,44.70108695652174,2.4729277326764048,42.247838616714695
4,0.28966061198397686,44.623655913978496,2.4841592633229794,42.53602305475504
4,0.2941129675821254,44.41489361702128,2.487356530631193,42.59365994236311
4,0.2983605006023457,44.078947368421055,2.497176727116932,42.13256484149856
4,0.30239646285772326,44.140625,2.5104011860311304,42.190201729106626
4,0.30619441529637886,43.81443298969072,2.52980454808556,42.247838616714695
4,0.3085750324945701,44.005102040816325,2.5452873772739815,42.190201729106626
4,0.31341519536156404,44.06565656565657,2.5590225683379284,42.13256484149856
4,0.3154406568721721,44.25,2.5692609908394,41.61383285302594
4,0.3183978450141455,44.18316831683168,2.551001687203684,41.61383285302594
4,0.321994091884086,43.995098039215684,2.529575012795936,41.72910662824207
4,0.3251153038520562,44.1747572815534,2.492919329674013,42.01729106628242
4,0.3294653982708329,43.87019230769231,2.465200426941094,42.13256484149856
4,0.3320613701876841,43.92857142857143,2.446099685084435,42.59365994236311
4,0.33453610359053865,43.867924528301884,2.4332711290104596,43.054755043227665
4,0.3364583966763396,44.04205607476636,2.4215319716985326,42.997118155619596
4,0.33929752338873714,43.98148148148148,2.414022092445655,43.28530259365994
4,0.34201540672465375,44.15137614678899,2.412361131285742,43.170028818443804
4,0.34331518905727487,44.43181818181818,2.412256125206222,43.57348703170029
4,0.3443068252582299,44.81981981981982,2.4159854526893336,43.57348703170029
4,0.3499811874408471,44.53125,2.4190975251835063,43.68876080691643
4,0.3532072700167957,44.57964601769911,2.423277104505196,43.68876080691643
4,0.35472271842391867,44.73684210526316,2.4254587075677336,43.22766570605187
4,0.35709511598474103,45.0,2.4255434079653657,42.93948126801153
4,0.36056846278278454,44.935344827586206,2.4249277820784925,42.997118155619596
4,0.36256288329237385,45.085470085470085,2.4250446901343383,43.51585014409222
4,0.36632832924002096,44.91525423728814,2.429786832513897,43.51585014409222
4,0.3687047221942952,45.063025210084035,2.4331297594281387,42.70893371757925
4,0.37313022213546854,44.895833333333336,2.43653297904999,42.70893371757925
4,0.3743740785278772,45.04132231404959,2.444260971612095,41.95965417867435
4,0.37699547135516215,45.28688524590164,2.4527097885509788,42.190201729106626
4,0.37942089163943343,45.32520325203252,2.4775092932760443,41.78674351585014
4,0.3824498186770238,45.060483870967744,2.490570574449504,41.4985590778098
4,0.38626097699529244,45.1,2.5096439870271814,40.92219020172911
4,0.3878438773123842,45.138888888888886,2.5461987773394257,40.80691642651297
4,0.38980712788669686,45.374015748031496,2.6020590575059988,40.05763688760807
4,0.3936299593040818,45.3125,2.6765865526990407,39.711815561959654
4,0.39670853575593545,45.348837209302324,2.6149834597715036,40.403458213256485
4,0.399792631911604,45.38461538461539,2.553369948116865,42.07492795389049
4,0.40183001435116716,45.51526717557252,2.51606464276116,43.28530259365994
4,0.4051316806360295,45.45454545454545,2.4835782268080293,43.7463976945245
4,0.40986772359986057,45.30075187969925,2.4620120657204483,43.976945244956774
4,0.4123303726315498,45.33582089552239,2.4457822422827444,43.45821325648415
4,0.4153307628474737,45.18518518518518,2.4354925021048515,43.63112391930836
4,0.41816529059096386,45.3125,2.433066452153817,42.93948126801153
4,0.42313319123105,45.16423357664234,2.4295758283632694,42.70893371757925
4,0.4246231224191816,45.289855072463766,2.428164081364733,42.363112391930834
4,0.4283390736109332,45.23381294964029,2.4295761750041067,42.4207492795389
4,0.43182119484010495,45.089285714285715,2.4228490786069,42.07492795389049
4,0.4354657569213917,45.0354609929078,2.414579773004154,42.07492795389049
4,0.4411097834769048,44.806338028169016,2.405909228709436,42.997118155619596
4,0.4440906923852469,44.84265734265734,2.399605019026638,43.170028818443804
4,0.4469093329812351,44.87847222222222,2.393409915783438,43.054755043227665
4,0.45049865504628733,44.91379310344828,2.3917310147241513,42.88184438040346
4,0.4524262835320674,45.11986301369863,2.402916392148365,42.59365994236311
4,0.45575916131860333,45.1530612244898,2.4305041649374544,42.47838616714697
4,0.4572383357506049,45.354729729729726,2.4439324533335074,42.190201729106626
4,0.46154263874417856,45.218120805369125,2.4444749877200147,42.59365994236311
4,0.46536029898806625,45.166666666666664,2.434078409924485,42.70893371757925
4,0.46878472762672524,45.115894039735096,2.4344948011059917,42.76657060518732
4,0.47140645674969023,45.14802631578947,2.4284095096698004,42.88184438040346
4,0.4739533796906471,45.26143790849673,2.428517569594669,43.22766570605187
4,0.4763381163540639,45.37337662337662,2.420158090954003,44.32276657060519
4,0.4791451989820129,45.403225806451616,2.418206421186298,44.610951008645536
4,0.48221303248091746,45.2724358974359,2.4242016730769986,44.43804034582133
4,0.4851055530341048,45.22292993630573,2.435632128319982,44.38040345821326
4,0.48599256143758174,45.41139240506329,2.459227077697279,43.861671469740635
4,0.489924046789345,45.204402515723274,2.48138685957078,43.34293948126801
4,0.4938507352220385,45.078125,2.4990535529527795,43.22766570605187
4,0.49845979613693137,44.87577639751553,2.51133519740698,42.305475504322764
4,0.5034804861012258,44.75308641975309,2.518631050114258,42.247838616714695
4,0.5070463888739285,44.70858895705521,2.518739854135821,42.01729106628242
4,0.5094066092058231,44.66463414634146,2.5043526451159184,42.13256484149856
4,0.5138645027028886,44.621212121212125,2.4903463888827555,41.72910662824207
4,0.5171716683005032,44.57831325301205,2.477957247589041,41.90201729106628
4,0.5202189541961018,44.535928143712574,2.4669909537662558,42.247838616714695
4,0.5215659426231133,44.642857142857146,2.4518313921541663,42.247838616714695
4,0.5233083077951481,44.82248520710059,2.4321262644183252,42.305475504322764
4,0.5252075879981644,44.85294117647059,2.413907966031457,43.22766570605187
4,0.5268857483016817,44.88304093567251,2.403921445393892,43.57348703170029
4,0.5306357635479224,44.84011627906977,2.3937507560176234,44.09221902017291
4,0.533771932830936,44.869942196531795,2.39396279445991,44.14985590778098
4,0.5365557618047062,44.89942528735632,2.398365499237166,43.804034582132566
4,0.5387112161830852,45.0,2.4016772569049887,43.976945244956774
4,0.5411854283590066,45.09943181818182,2.403679548595358,45.014409221902014
4,0.5450347151411207,45.056497175141246,2.4028101709031837,44.726224783861674
4,0.5475736703527602,45.014044943820224,2.3959743550845554,45.12968299711815
4,0.550323794468453,45.11173184357542,2.405352951469509,44.668587896253605
4,0.5518729765948497,45.208333333333336,2.425217850417036,44.14985590778098
4,0.5535997838566178,45.30386740331492,2.4596435106295047,42.997118155619596
4,0.5562171754868407,45.39835164835165,2.490892588268227,42.70893371757925
4,0.5586101893531649,45.423497267759565,2.5006136375088848,42.305475504322764
4,0.5616584066497652,45.380434782608695,2.510772952561005,42.07492795389049
4,0.5651181438251546,45.270270270270274,2.505578866752062,42.53602305475504
4,0.5699729509259525,45.16129032258065,2.49679057416828,42.47838616714697
4,0.573988491688904,45.05347593582888,2.468367706795442,42.76657060518732
4,0.5767076320554081,45.079787234042556,2.4432099571425794,43.112391930835734
4,0.5782818787192043,45.23809523809524,2.396488415206083,43.976945244956774
4,0.5822429129167607,45.26315789473684,2.362887341580633,44.668587896253605
4,0.5860900878121978,45.287958115183244,2.3426004098857054,45.18731988472622
4,0.5898949641146158,45.247395833333336,2.334275329991969,45.93659942363112
4,0.5934051233686899,45.07772020725388,2.332687674304857,45.93659942363112
4,0.5943423164518256,45.29639175257732,2.34027125593704,45.87896253602305
4,0.597695920655602,45.32051282051282,2.3503735364856806,45.706051873198845
4,0.5995499145043524,45.34438775510204,2.365915526992165,45.18731988472622
4,0.6020022279337833,45.368020304568525,2.3716562588094017,45.07204610951008
4,0.6052279845664376,45.32828282828283,2.3757050507079622,45.59077809798271
4,0.6067284795798753,45.47738693467337,2.3793416501190254,45.47550432276657
4,0.610039077463903,45.4375,2.389287884608941,45.24495677233429
4,0.6137124960359774,45.33582089552239,2.421854049654051,44.668587896253605
4,0.617834639392401,45.17326732673267,2.4433881437174185,44.610951008645536
4,0.6223411379676116,45.01231527093596,2.4595352727147293,44.32276657060519
4,0.6251787309583865,45.036764705882355,2.4610085273118614,44.20749279538905
4,0.6285916198241083,45.0,2.4664616073880876,44.43804034582133
4,0.6310735540954691,45.02427184466019,2.4783785233299853,44.726224783861674
4,0.6346879806957747,44.927536231884055,2.4872889392386934,44.610951008645536
4,0.6368281243663085,45.01201923076923,2.5049719736323377,44.03458213256484
4,0.6393456477867929,45.09569377990431,2.508222420369425,44.03458213256484
4,0.6412307980813479,45.23809523809524,2.512268962673328,43.68876080691643
4,0.6439776179037596,45.26066350710901,2.4991327779633656,44.26512968299712
4,0.6443948335161335,45.5188679245283,2.4971980249277457,44.26512968299712
4,0.6468958925651876,45.539906103286384,2.5033448882366653,44.14985590778098
4,0.6487954874179865,45.61915887850467,2.5168173483439853,44.09221902017291
4,0.6502669507343518,45.69767441860465,2.524455752790249,43.804034582132566
4,0.6532684831634948,45.77546296296296,2.517859816001857,43.804034582132566
4,0.6548260013131719,45.91013824884793,2.4993352304955234,43.68876080691643
4,0.6563928791174763,45.98623853211009,2.483097131076496,43.45821325648415
4,0.6609571104379077,46.06164383561644,2.4353665495248435,44.03458213256484
4,0.6647016103722547,45.96590909090909,2.406316873390004,44.43804034582133
4,0.6677472897658222,45.92760180995475,2.4009477888933524,44.89913544668588
4,0.672904220576349,45.777027027027025,2.4115055533048744,43.804034582132566
4,0.674929194269996,45.908071748878925,2.441319966645834,43.170028818443804
4,0.6770163252557578,45.926339285714285,2.4820323314534902,42.01729106628242
4,0.6805789645173048,45.888888888888886,2.5135264882843615,41.210374639769455
4,0.6844138276028006,45.85176991150443,2.521130996091025,40.97982708933718
4,0.6866718672215939,45.92511013215859,2.508359149304403,41.03746397694525
4,0.6900598203273196,45.833333333333336,2.4946330747296734,41.4985590778098
4,0.6938988143284069,45.74235807860262,2.4725512573795934,42.190201729106626
4,0.6960923146652548,45.869565217391305,2.461007850785409,42.247838616714695
4,0.6995183545115747,45.77922077922078,2.4585767053239356,42.997118155619596
4,0.7015699418359681,45.85129310344828,2.457579835219317,42.76657060518732
4,0.704164043892371,45.86909871244635,2.4579496405641055,43.054755043227665
4,0.7056332367423334,46.047008547008545,2.4697053858212064,43.170028818443804
4,0.7088604198082498,45.90425531914894,2.4621497689304266,43.57348703170029
4,0.7105663911684563,46.027542372881356,2.460528470129461,43.51585014409222
4,0.7112297153394473,46.20253164556962,2.462793443334817,43.861671469740635
4,0.7158366377024274,46.11344537815126,2.4609408090191502,44.14985590778098
4,0.7199023778109174,46.02510460251046,2.4538222400274146,44.20749279538905
4,0.7222724200471451,46.041666666666664,2.4437740936806676,43.7463976945245
4,0.7255137595299043,46.00622406639004,2.4279814329564844,44.09221902017291
4,0.7287700597785021,45.97107438016529,2.4237985773020627,44.783861671469744
4,0.7322464940971449,45.98765432098765,2.4219792952185952,43.57348703170029
4,0.7343124939814994,46.05532786885246,2.447869116809511,42.82420749279539
4,0.7368325264438202,46.07142857142857,2.4849857479196538,42.247838616714695
4,0.7410408468230775,46.03658536585366,2.51057397302944,41.84438040345821
4,0.7454424998870022,45.95141700404859,2.513086987530581,41.90201729106628
4,0.7497581233711619,45.81653225806452,2.502811887297213,42.247838616714695
4,0.7504769417408266,45.98393574297189,2.4995328657638094,42.01729106628242
4,0.7524713155078261,46.05,2.485918216716309,41.90201729106628
4,0.755326994116369,46.06573705179283,2.4777537595291843,42.01729106628242
4,0.7592062507412936,46.03174603174603,2.456076780222528,42.01729106628242
4,0.7633570981260978,45.948616600790515,2.4293221227034993,42.247838616714695
4,0.7670090038133295,45.91535433070866,2.4210682291589025,42.53602305475504
4,0.7704971755413632,45.88235294117647,2.4200926041273476,42.88184438040346
4,0.7740558959543705,45.849609375,2.417992612183918,43.054755043227665
4,0.7769555292239315,45.86575875486381,2.411634113931436,42.997118155619596
4,0.7787891004822756,45.93023255813954,2.4067466635308508,43.34293948126801
4,0.781128140617358,45.99420849420849,2.4065647408160196,43.170028818443804
4,0.7833735195821837,46.05769230769231,2.4045393958619115,43.112391930835734
4,0.7861348976822276,46.0727969348659,2.3998470078415584,43.170028818443804
4,0.7892960930733304,46.04007633587786,2.4000173255045842,43.57348703170029
4,0.791806593498117,45.960076045627375,2.3999853903247463,43.861671469740635
4,0.794829631283095,45.928030303030305,2.408721053929922,43.68876080691643
4,0.7980817717549048,45.89622641509434,2.4166433566726297,43.112391930835734
4,0.8019303423401557,45.817669172932334,2.430501931823344,42.93948126801153
4,0.8051135240024642,45.78651685393258,2.446392469142439,41.90201729106628
4,0.807250273659041,45.848880597014926,2.4658249086498665,40.80691642651297
4,0.8097891595410673,45.86431226765799,2.472983216909769,40.97982708933718
4,0.8121029930287286,45.879629629629626,2.481356300516612,41.03746397694525
4,0.8154929607714477,45.84870848708487,2.4923406990442407,40.288184438040346
4,0.8198953112097163,45.72610294117647,2.496595287652609,40.403458213256485
4,0.8221710758381768,45.74175824175824,2.50184789945453,40.63400576368876
4,0.8266196929702633,45.62043795620438,2.495861105105844,40.57636887608069
4,0.8307027284644152,45.54545454545455,2.473787561265005,40.7492795389049
4,0.8330397240033275,45.606884057971016,2.4600331618489206,41.152737752161386
4,0.8356291914848905,45.57761732851986,2.455424108812886,41.268011527377524
4,0.8391652335853953,45.50359712230216,2.4439725982978047,41.268011527377524
4,0.8430253028477493,45.38530465949821,2.4431884827152377,41.152737752161386
4,0.8454993482875196,45.401785714285715,2.449471445951594,41.72910662824207
4,0.8485667611031156,45.462633451957295,2.4437447085907933,41.61383285302594
4,0.850600332139354,45.47872340425532,2.4312303470027063,41.38328530259366
4,0.8533621108453525,45.49469964664311,2.4186260087698837,42.363112391930834
4,0.857767519943024,45.42253521126761,2.4014905015444428,42.997118155619596
4,0.8606683258555438,45.35087719298246,2.377334148653092,43.112391930835734
4,0.8631685333424493,45.32342657342657,2.3643048699550366,43.63112391930836
4,0.8652129519534738,45.383275261324044,2.3559119418469443,43.976945244956774
4,0.8683587433084061,45.39930555555556,2.348959128153489,44.55331412103747
4,0.8718213277035638,45.3719723183391,2.353162489728444,45.014409221902014
4,0.8770298466478523,45.30172413793103,2.366442377116823,44.89913544668588
4,0.8791703898263605,45.31786941580756,2.380408575732587,44.668587896253605
4,0.8816955816981039,45.33390410958904,2.3920219568063588,44.55331412103747
4,0.8842165697169931,45.34982935153584,2.408276945489892,43.976945244956774
4,0.8882349062514933,45.28061224489796,2.4293157029811137,43.51585014409222
4,0.892456361612207,45.16949152542373,2.453511538044099,42.59365994236311
4,0.8961738954641317,45.185810810810814,2.488446018113519,42.70893371757925
4,0.9000505181911744,45.11784511784512,2.531168785512722,41.95965417867435
4,0.9032181559032515,45.09228187919463,2.5621831793389562,41.84438040345821
4,0.9056747481619057,45.19230769230769,2.57115595598924,41.90201729106628
4,0.9076507911478219,45.25,2.5653898935713526,42.07492795389049
4,0.9094098434244332,45.30730897009967,2.5665606425105154,42.247838616714695
4,0.9136431005048125,45.24006622516556,2.5113112624339795,42.88184438040346
4,0.9171598347786226,45.17326732673267,2.445474639466281,43.51585014409222
4,0.9190421456961255,45.27138157894737,2.4218923982387315,43.68876080691643
4,0.9225315631612351,45.204918032786885,2.426994107560628,43.63112391930836
4,0.9249814710726864,45.220588235294116,2.451019003094616,43.28530259365994
4,0.9275618758248655,45.23615635179153,2.4786182801294987,42.76657060518732
4,0.9280881631139077,45.41396103896104,2.5115143857243973,42.70893371757925
4,0.9306213195778822,45.42880258899677,2.5532466857114695,42.07492795389049
4,0.9346848721959089,45.443548387096776,2.5281691905540256,42.01729106628242
4,0.9353842579612607,45.57877813504823,2.509809239943456,42.47838616714697
4,0.9378097403598459,45.63301282051282,2.4819932412441976,42.997118155619596
4,0.9405174366345531,45.60702875399361,2.461095177358197,42.93948126801153
4,0.9434545191887178,45.62101910828026,2.4439539425933416,42.93948126801153
4,0.9456899452758463,45.67460317460318,2.433672157575458,42.76657060518732
4,0.9483764508445012,45.688291139240505,2.4297258079326647,43.112391930835734
4,0.9511944386127748,45.701892744479494,2.417510207896958,43.68876080691643
4,0.9533012639142965,45.715408805031444,2.395448353982741,43.804034582132566
4,0.9568777471388641,45.689655172413794,2.37226741736935,43.804034582132566
4,0.9608517945989182,45.6640625,2.3568364697667312,43.7463976945245
4,0.9630759387816253,45.677570093457945,2.3528319446172583,43.804034582132566
4,0.9662373136140798,45.61335403726708,2.355941785645375,43.804034582132566
4,0.9695556268488106,45.588235294117645,2.3635495956042947,43.7463976945245
4,0.9732808192701716,45.52469135802469,2.3765890477439773,43.804034582132566
4,0.9774275100152744,45.42307692307692,2.391249722599434,43.34293948126801
4,0.9792747065817055,45.513803680981596,2.4057254967052266,42.82420749279539
4,0.982182517294821,45.56574923547401,2.412631952817539,42.47838616714697
4,0.98468687859805,45.579268292682926,2.417835489670802,42.70893371757925
4,0.9860188077547049,45.66869300911854,2.4229689927145084,42.53602305475504
4,0.9889732095363893,45.68181818181818,2.4300962071264944,42.59365994236311
4,0.9915781974400345,45.657099697885194,2.422736960072671,42.363112391930834
4,0.993739253086479,45.70783132530121,2.4116083097897367,42.88184438040346
4,0.9972155205121166,45.68318318318318,2.3992435124612626,43.51585014409222
4,0.9985053203999996,45.77095808383233,2.3896221241094002,43.63112391930836
4,1.0028056452540974,45.708955223880594,2.3932311139348466,43.51585014409222
4,1.005419480212425,45.75892857142857,2.396579885537723,43.40057636887608
4,1.007841403272591,45.77151335311573,2.400823465140734,43.63112391930836
4,1.0115771466572034,45.78402366863905,2.405626807069998,43.57348703170029
4,1.0129358003406148,45.87020648967552,2.4095425924397835,43.976945244956774
4,1.0160083068436698,45.88235294117647,2.3897477300485708,44.84149855907781
4,1.0183054507170852,45.93108504398827,2.389996343219335,44.783861671469744
4,1.0212456126354243,45.869883040935676,2.394267402211642,45.36023054755043
4,1.0231018484030898,45.88192419825073,2.413524043175482,45.014409221902014
4,1.025722050392314,45.93023255813954,2.4488298220019185,44.38040345821326
4,1.0297765418495002,45.869565217391305,2.464194708430822,44.26512968299712
4,1.0324746169934147,45.84537572254335,2.463146188292086,43.919308357348704
4,1.0345364004765687,45.857348703170025,2.444694032592158,43.22766570605187
4,1.0364872678722206,45.9051724137931,2.425562203479802,43.63112391930836
4,1.0410721660052475,45.91690544412607,2.3890884864714836,44.32276657060519
4,1.0425050031589835,46.035714285714285,2.351996978581776,44.38040345821326
4,1.0455669461504409,46.01139601139601,2.3342390499906056,44.668587896253605
4,1.0483668887693631,46.05823863636363,2.3117454227763936,45.47550432276657
4,1.0508383272901962,46.06940509915014,2.3030998119011454,45.706051873198845
4,1.054481100918431,46.009887005649716,2.3003516068106973,46.34005763688761
4,1.057606288202499,46.056338028169016,2.3033304398510315,47.08933717579251
4,1.0592615639300722,46.10252808988764,2.313624168870636,46.74351585014409
4,1.0634684961485235,46.04341736694678,2.3114811319359987,46.39769452449568
4,1.0650901151722982,46.124301675977655,2.309856571360118,46.512968299711815
4,1.0685872414002293,46.13509749303621,2.3037011988701357,46.68587896253602
4,1.0728498782374356,46.111111111111114,2.3012423817463183,46.80115273775216
4,1.0747690875671412,46.15650969529086,2.312432153159023,46.570605187319885
4,1.0755420176998565,46.23618784530387,2.325402608115552,46.34005763688761
4,1.0787864459580496,46.21212121212121,2.3367781735235647,46.628242074927954
4,1.0813373257062937,46.18818681318681,2.3455414675897166,46.68587896253602
4,1.083760004020051,46.1986301369863,2.352760080368288,46.74351585014409
4,1.0878110362118796,46.10655737704918,2.3487195693952145,46.68587896253602
4,1.091215120844151,46.083106267029976,2.3536230776167137,46.10951008645533
4,1.0941164277493953,46.05978260869565,2.3625704256070925,45.99423631123919
4,1.0988865978231555,46.03658536585366,2.356546657975368,46.10951008645533
4,1.100394746229837,46.11486486486486,2.3496436603058317,46.10951008645533
4,1.1025819829027903,46.15902964959569,2.340758236322535,46.512968299711815
4,1.1059544406831265,46.16935483870968,2.333752482442812,46.455331412103746
4,1.1092445926054528,46.21313672922252,2.3401588833277125,46.39769452449568
4,1.111259908934957,46.25668449197861,2.356064431403639,46.05187319884726
4,1.1143456366893492,46.2,2.37715948424581,45.18731988472622
4,1.1175313132766047,46.17686170212766,2.3820992798849185,45.014409221902014
4,1.1202880055104432,46.15384615384615,2.3843734951063236,45.18731988472622
4,1.1222852238306873,46.164021164021165,2.376289903018881,45.648414985590776
4,1.1258126282770382,46.108179419525065,2.3596253903230764,45.648414985590776
4,1.1283934064993733,46.11842105263158,2.3435088937183677,45.706051873198845
4,1.1317004095959036,46.09580052493438,2.3162905587578697,45.47550432276657
4,1.1358822206525425,46.07329842931937,2.305256736718015,45.99423631123919
4,1.1385463986349733,46.0509138381201,2.3039687476399857,45.93659942363112
4,1.1418453475754513,46.061197916666664,2.3054897309997666,45.93659942363112
4,1.144714656197711,46.07142857142857,2.3091857779410576,46.10951008645533
4,1.147192713657492,46.1139896373057,2.3207507413653183,45.99423631123919
4,1.1487525121553948,46.156330749354005,2.332351232179299,45.648414985590776
4,1.1520057201777634,46.16623711340206,2.3405619030174574,45.53314121037464
4,1.155643520896372,46.20822622107969,2.350673212845754,44.84149855907781
4,1.15802519325363,46.25,2.3632634640564016,45.014409221902014
4,1.1599329884507155,46.29156010230179,2.3796289174512784,44.610951008645536
4,1.163651475663248,46.23724489795919,2.409420419261203,44.4956772334294
4,1.1664707515192658,46.21501272264631,2.447098799564871,43.45821325648415
4,1.1690538450683419,46.224619289340104,2.4764402017066005,42.997118155619596
4,1.1722012363374232,46.265822784810126,2.492941710256761,42.07492795389049
4,1.1759082160890102,46.21212121212121,2.5193536265105148,41.268011527377524
4,1.1779941154545859,46.158690176322416,2.485835086914801,41.210374639769455
4,1.1819256688811277,46.13693467336683,2.4440965064659648,41.78674351585014
4,1.1850518142314335,46.14661654135338,2.3814239826070547,44.4956772334294
4,1.1877488277852535,46.125,2.3447302390353473,45.648414985590776
4,1.1907277330364052,46.072319201995015,2.3293839613413483,45.99423631123919
4,1.1930792609719854,46.11318407960199,2.321598009854418,46.22478386167147
4,1.1965206148200913,46.12282878411911,2.318146241700045,45.93659942363112
4,1.2002689457645541,46.070544554455445,2.315734778681109,45.87896253602305
4,1.2036378464024318,46.08024691358025,2.3234793642698897,45.47550432276657
4,1.2069684450955767,46.05911330049261,2.3417149911278403,45.53314121037464
4,1.210901575535536,46.007371007371006,2.3434295475757616,45.763688760806915
4,1.2146894764351217,45.955882352941174,2.3282388190519976,46.22478386167147
4,1.2179014882366908,45.965770171149146,2.3318629424143498,45.706051873198845
4,1.2217728801855916,45.88414634146341,2.351324144046977,44.84149855907781
4,1.2240105859935284,45.894160583941606,2.351285524631975,44.55331412103747
4,1.2267790338318598,45.93446601941748,2.348598493134371,44.89913544668588
4,1.2301519515090866,45.91404358353511,2.3449704680025305,45.18731988472622
4,1.2336686867240227,45.893719806763286,2.3271832507326855,45.87896253602305
4,1.2360854531981442,45.903614457831324,2.3223361153207067,46.05187319884726
4,1.24059506595919,45.88341346153846,2.3160354753243757,45.821325648414984
4,1.243745567649603,45.86330935251799,2.3179312422528247,46.05187319884726
4,1.246718905513224,45.8732057416268,2.3209628009576404,46.28242074927954
4,1.2488607995212078,45.91288782816229,2.320981307787829,46.1671469740634
4,1.2527505195846682,45.892857142857146,2.3092182720861127,46.80115273775216
4,1.2560210543635644,45.843230403800476,2.2988799637363804,47.08933717579251
4,1.2600485784834936,45.79383886255924,2.2970176808845064,47.08933717579251
4,1.2631142273153129,45.774231678487,2.2936224396327676,47.262247838616716
4,1.266218490545687,45.784198113207545,2.2975720933505466,46.85878962536023
4,1.2676701277886566,45.8235294117647,2.300078278038359,46.97406340057637
4,1.270759228224817,45.80399061032864,2.2960969728808247,47.435158501440924
4,1.2726838358530872,45.843091334894616,2.2967049688238155,47.83861671469741
4,1.2744473305579862,45.91121495327103,2.294425868218945,48.01152737752162
4,1.2763805120006988,45.92074592074592,2.2892937989828224,48.414985590778095
4,1.2798885367810726,45.901162790697676,2.283765614856773,48.069164265129686
4,1.2823429431178068,45.93967517401392,2.2744368914909625,48.29971181556196
4,1.2855717464889351,45.920138888888886,2.2726509069792136,47.78097982708934
4,1.2878045099738398,45.95842956120092,2.276519426827057,47.89625360230548
4,1.2915714661149602,45.91013824884793,2.2898319694578375,47.60806916426513
4,1.2930100726846017,45.97701149425287,2.3032781459768796,47.60806916426513
4,1.2961549762440354,45.98623853211009,2.321452941213335,47.03170028818444
4,1.2995948876597379,45.96681922196797,2.322720904504099,47.20461095100865
4,1.3050504248785346,45.89041095890411,2.2975351340759733,47.08933717579251
4,1.309775092766473,45.84282460136674,2.2783227917236117,47.03170028818444
4,1.3129246414099869,45.82386363636363,2.262434151590145,47.20461095100865
4,1.3159122621150394,45.776643990929706,2.2619393846955718,46.74351585014409
4,1.318163355283047,45.786199095022624,2.267586511950339,47.14697406340058
4,1.3214134208858013,45.76749435665914,2.2736575793011395,46.85878962536023
4,1.3243562116826835,45.748873873873876,2.2816350204604015,47.20461095100865
4,1.3284084943172179,45.70224719101124,2.291375458240509,47.55043227665706
4,1.3320470592301143,45.65582959641256,2.2904694217690675,47.60806916426513
4,1.335042853927926,45.69351230425056,2.296253744907643,47.435158501440924
4,1.337985591080628,45.675223214285715,2.3055307626174892,47.6657060518732
4,1.3427771080873514,45.60133630289533,2.318536392005358,48.069164265129686
4,1.3447757311949604,45.666666666666664,2.3386652395472547,48.069164265129686
4,1.3493626991777044,45.62084257206208,2.3312896756532555,48.069164265129686
4,1.351806136848111,45.60287610619469,2.3313362109496296,47.78097982708934
4,1.3539359497788706,45.61258278145695,2.328768335729151,47.60806916426513
4,1.3558895955352406,45.64977973568282,2.326932590403315,47.49279538904899
4,1.3593241911577552,45.63186813186813,2.3286979088585498,46.628242074927954
4,1.3611915078994474,45.69627192982456,2.3280100413181817,47.08933717579251
4,1.3639162263195765,45.705689277899346,2.3346591476471192,46.85878962536023
4,1.3669417380110214,45.66048034934498,2.3400071169923526,46.80115273775216
4,1.3702494168359982,45.64270152505446,2.337144584425034,47.319884726224785
4,1.3741921859744348,45.625,2.329968894681623,47.08933717579251
4,1.3776915414160804,45.58026030368764,2.2953665168603994,47.49279538904899
4,1.3788852687336897,45.64393939393939,2.2756557560736135,47.20461095100865
4,1.3822197530222566,45.59935205183585,2.2632205752733117,47.6657060518732
4,1.3853392775513624,45.608836206896555,2.2599983715241954,47.83861671469741
4,1.3863585219963601,45.725806451612904,2.2599412727465826,47.83861671469741
4,1.3894740351328725,45.761802575107296,2.259998236933062,47.83861671469741
4,1.3925136342252555,45.79764453961456,2.25928400738448,48.01152737752162
4,1.396275073485939,45.77991452991453,2.254748243340699,48.01152737752162
4,1.3995135544554183,45.788912579957355,2.2482365795544217,47.95389048991355
4,1.4019001692925628,45.797872340425535,2.2468397416826766,47.78097982708934
4,1.4069456899244535,45.7271762208068,2.247598760413684,47.6657060518732
4,1.4079474807961991,45.815677966101696,2.2515566989024114,46.97406340057637
4,1.410191461090979,45.87737843551797,2.246854590930148,47.262247838616716
4,1.4110988634589472,45.938818565400844,2.2382087009843046,47.435158501440924
4,1.4141298195641292,45.921052631578945,2.2245386215398937,47.60806916426513
4,1.416605450173742,45.929621848739494,2.2203027844978367,47.83861671469741
4,1.4190522172341222,45.990566037735846,2.2215922147996965,48.414985590778095
4,1.4228479539485355,45.97280334728033,2.2220627775390027,48.01152737752162
4,1.4257963595029555,45.9812108559499,2.2279445663575204,48.01152737752162
4,1.430140768893455,45.911458333333336,2.2270781493956044,47.55043227665706
4,1.4328093193471432,45.945945945945944,2.2320344720018626,47.435158501440924
4,1.43400824575832,46.00622406639004,2.2404757683178245,46.9164265129683
4,1.4367405402425089,46.01449275362319,2.2405610164189667,46.85878962536023
4,1.4395079744881705,46.02272727272727,2.246616650836259,46.97406340057637
4,1.442935895331596,46.00515463917526,2.2558795642193563,47.03170028818444
4,1.446045785240437,46.01337448559671,2.2623593557265496,46.85878962536023
4,1.448792329626648,46.04722792607803,2.265608203575908,46.39769452449568
4,1.4517621925394786,46.029713114754095,2.2837001431372856,45.53314121037464
4,1.4541833717964197,46.06339468302659,2.3087508444961866,45.07204610951008
4,1.4585351897305563,46.045918367346935,2.3236417009533823,45.24495677233429
4,1.4611871189584857,46.079429735234214,2.331009314082185,44.95677233429395
4,1.4659304390220265,46.03658536585366,2.341040588194324,44.89913544668588
4,1.469552248755568,46.01926977687627,2.3363905436432306,45.24495677233429
4,1.4741931699216366,45.95141700404859,2.3071500535384852,45.706051873198845
4,1.476997227457009,45.984848484848484,2.287033541136623,46.1671469740634
4,1.4789986228080172,46.04334677419355,2.2796667075376904,46.34005763688761
4,1.481793260927263,46.0513078470825,2.276046150565697,46.39769452449568
4,1.4846580430473153,46.03413654618474,2.2857430437193487,46.512968299711815
4,1.4868432975521213,46.067134268537075,2.2796468138694763,46.68587896253602
4,1.4888709056142129,46.1,2.273916934492401,47.08933717579251
4,1.4918274519082746,46.082834331337324,2.2713086335889754,47.78097982708934
4,1.494158302835728,46.11553784860558,2.2730074618269223,47.78097982708934
4,1.4957326765515302,46.14811133200795,2.2750234754953516,48.069164265129686
4,1.4986777407950476,46.13095238095238,2.2690841305640435,47.6657060518732
4,1.5017606442304035,46.13861386138614,2.2529434440872085,48.126801152737755
4,1.5043088439655932,46.14624505928854,2.244232279913766,48.472622478386164
4,1.5080613864487724,46.104536489151876,2.234966242642996,48.64553314121037
4,1.5116768718157945,46.08759842519685,2.220724839493976,48.87608069164265
4,1.5144520314508363,46.07072691552063,2.219557993148329,48.5878962536023
4,1.516926871044071,46.07843137254902,2.2246689999707834,48.5878962536023
4,1.5211661914853674,46.06164383561644,2.2264566416015272,48.242074927953894
4,1.5230121010620343,46.09375,2.2342611359011744,48.357348703170025
4,1.5256519575260188,46.10136452241716,2.2446804560274574,47.83861671469741
4,1.5273101669000952,46.13326848249027,2.255002295091954,47.435158501440924
4,1.5295322842111714,46.16504854368932,2.2703828498515115,47.08933717579251
4,1.5314953275809162,46.19670542635659,2.28018071739355,46.455331412103746
4,1.5332651690825037,46.25241779497099,2.291768278119751,46.34005763688761
4,1.5356879584491252,46.25965250965251,2.2939838453921304,46.28242074927954
4,1.53839812612063,46.24277456647399,2.2964731474076547,45.99423631123919
4,1.5434055248765568,46.22596153846154,2.275261010442461,46.34005763688761
4,1.5459949388707939,46.257197696737045,2.251784409520813,46.85878962536023
4,1.5483310125768184,46.31226053639847,2.2423722494033074,46.512968299711815
4,1.5505349341583878,46.31931166347992,2.2390599956710218,46.39769452449568
4,1.5524571075643363,46.350190839694655,2.243773747699052,46.80115273775216
4,1.554755945935061,46.357142857142854,2.2481673793858645,47.20461095100865
4,1.5594599209725857,46.31653992395437,2.2540199962629153,46.80115273775216
4,1.5619488324381803,46.3235294117647,2.2548385364119357,47.20461095100865
4,1.5633518366829344,46.354166666666664,2.255246959798347,46.80115273775216
4,1.5667392182114876,46.33742911153119,2.2509113025555414,47.08933717579251
4,1.5705465191681134,46.29716981132076,2.245126608329984,47.20461095100865
4,1.5742858808683722,46.28060263653484,2.2388044076581157,47.377521613832855
4,1.576836876531965,46.287593984962406,2.2308562529801224,48.01152737752162
4,1.5797722807448162,46.29455909943715,2.2317527145284664,47.78097982708934
4,1.5830335015136945,46.254681647940075,2.2315606348525545,47.89625360230548
4,1.5854988987900709,46.26168224299065,2.2303656880756675,48.242074927953894
4,1.5892842319843017,46.26865671641791,2.2080636307391153,48.70317002881844
4,1.5913145737036278,46.298882681564244,2.196495187447368,48.93371757925072
4,1.594000630355195,46.30576208178439,2.2039675794988183,48.5878962536023
4,1.595753592762508,46.35899814471243,2.2316246911677347,48.242074927953894
4,1.5980014531628082,46.388888888888886,2.2540845774835154,46.85878962536023
4,1.600645780602568,46.418669131238445,2.2683607350846042,46.34005763688761
4,1.6039124862536003,46.42527675276753,2.2410513440035453,47.262247838616716
4,1.605738126643394,46.4548802946593,2.2378892706286524,47.03170028818444
4,1.608650342767176,46.43841911764706,2.2508365036705125,46.68587896253602
4,1.6123918166678204,46.42201834862385,2.256330587072856,46.10951008645533
4,1.6157481608030042,46.38278388278388,2.2596786431453193,45.99423631123919
4,1.618048068763394,46.412248628884825,2.2697112120790965,45.47550432276657
4,1.6203085341343755,46.441605839416056,2.2829225480831163,45.24495677233429
4,1.6253282450139523,46.44808743169399,2.3015041609513593,44.783861671469744
4,1.6273806581763846,46.47727272727273,2.329714497662909,45.07204610951008
4,1.62953226821203,46.50635208711434,2.3597283931921154,44.09221902017291
4,1.631455035782174,46.51268115942029,2.384466192964035,43.804034582132566
4,1.633673299966674,46.51898734177215,2.3919187726513034,44.32276657060519
4,1.6367308362926307,46.50270758122743,2.3982818645815693,43.63112391930836
4,1.6413704640379077,46.486486486486484,2.4052006418254517,43.51585014409222
4,1.6447787417000845,46.47032374100719,2.415121746228038,42.93948126801153
4,1.6468901476185573,46.47666068222621,2.4194892436128606,42.93948126801153
4,1.649851739288945,46.46057347670251,2.4345328689720223,42.53602305475504
4,1.6538370482623577,46.46690518783542,2.4252825777651528,42.93948126801153
4,1.6564083231515006,46.473214285714285,2.4290101201303544,42.82420749279539
4,1.6601585310148566,46.4572192513369,2.4022593344411542,43.63112391930836
4,1.6626498014126954,46.44128113879004,2.382611847143569,44.26512968299712
4,1.6646199760076246,46.49200710479574,2.3488107452744162,44.783861671469744
4,1.6675551198422909,46.476063829787236,2.325305546758362,45.53314121037464
4,1.6705548678965945,46.46017699115044,2.308879232351681,45.30259365994236
4,1.673307364590858,46.466431095406364,2.2999984045182504,45.59077809798271
4,1.6757431901207096,46.4726631393298,2.281874397108632,46.628242074927954
4,1.6783411978498886,46.500880281690144,2.2838115411969375,46.74351585014409
4,1.6799155031772037,46.528998242530754,2.2880886782149563,46.80115273775216
4,1.6819258225983695,46.53508771929825,2.3002915970191427,46.85878962536023
4,1.686354004434849,46.47548161120841,2.301863334695315,47.08933717579251
4,1.6896981355783187,46.43793706293706,2.297253347486944,47.319884726224785
4,1.69131619981245,46.46596858638743,2.2938955868444135,46.9164265129683
4,1.6927925138489197,46.53745644599303,2.269230119368997,46.97406340057637
4,1.6954643880458256,46.54347826086956,2.2616195923172384,46.97406340057637
4,1.699110215941542,46.52777777777778,2.2511969832231373,46.9164265129683
4,1.7022727449081445,46.51213171577123,2.253107066802715,47.08933717579251
4,1.7049179221846555,46.5181660899654,2.2500821126770862,46.39769452449568
4,1.7070534331626013,46.545768566493955,2.2415854288136354,46.80115273775216
4,1.7105688040585894,46.5301724137931,2.2131670587073824,47.435158501440924
4,1.7142091113093652,46.49311531841652,2.1930088293717205,48.29971181556196
4,1.7161742800552593,46.52061855670103,2.1792022022783484,48.01152737752162
4,1.7176997859619165,46.56946826758148,2.1702431901808708,48.29971181556196
4,1.7216532522518384,46.55393835616438,2.15566531579066,48.53025936599423
4,1.725957699551394,46.495726495726494,2.152436696439295,48.5878962536023
4,1.7290195383915776,46.50170648464164,2.1584972423342514,48.357348703170025
4,1.7322111133289964,46.48637137989778,2.1675530128215317,48.184438040345825
4,1.7358923812053706,46.449829931972786,2.1707153809235393,48.242074927953894
4,1.738050647040731,46.47707979626485,2.1738369319296105,48.5878962536023
4,1.7412672882409472,46.50423728813559,2.177776125718921,48.126801152737755
4,1.7441341558961492,46.489001692047374,2.1840972079110035,48.242074927953894
4,1.7463004881221997,46.5160472972973,2.188375477966625,48.01152737752162
4,1.7514211799361203,46.45868465430017,2.198407447832521,47.6657060518732
4,1.7549539848769966,46.44360269360269,2.2109577455278915,47.60806916426513
4,1.7565877921095019,46.49159663865546,2.21873465963223,47.78097982708934
4,1.7593168042600156,46.49748322147651,2.22701988104851,47.435158501440924
4,1.7613312219710726,46.503350083752096,2.2243743667954123,48.01152737752162
4,1.7639173450046464,46.46739130434783,2.2069591591435094,48.242074927953894
4,1.7654978642730337,46.49415692821369,2.187715946529318,48.01152737752162
4,1.7680288092478325,46.5,2.1780917221500027,47.78097982708934
4,1.7719305321182075,46.46422628951747,2.171525720901753,47.262247838616716
4,1.7744260520135102,46.49086378737542,2.1802236555908134,47.14697406340058
4,1.7768218451816784,46.517412935323385,2.2012912386573404,47.03170028818444
4,1.780018783596001,46.52317880794702,2.2352694536683746,46.570605187319885
4,1.781976460038047,46.549586776859506,2.2819235984081496,46.10951008645533
4,1.7846438375350675,46.555280528052805,2.3096719128744945,45.93659942363112
4,1.7867402677865405,46.51976935749588,2.3295552889872257,45.763688760806915
4,1.7909043740677206,46.504934210526315,2.335204757303686,45.24495677233429
4,1.7931106020353342,46.510673234811165,2.3405525989246807,44.95677233429395
4,1.797423255639641,46.49590163934426,2.324600117821847,45.59077809798271
4,1.800060276804786,46.52209492635025,2.333813568139406,44.783861671469744
4,1.8034815372997208,46.50735294117647,2.34478576501943,44.668587896253605
4,1.8071526501131685,46.47226753670473,2.3577335386232297,44.38040345821326
4,1.809472603429305,46.498371335504885,2.3742788988873706,43.976945244956774
4,1.8124855137577183,46.52439024390244,2.3450427824451077,43.861671469740635
4,1.8145580205870302,46.550324675324674,2.2903031646381327,45.53314121037464
4,1.8172941843537909,46.55591572123177,2.264657148842438,46.455331412103746
4,1.819636398593062,46.58171521035599,2.260972222699548,47.377521613832855
4,1.8243762920169453,46.5064620355412,2.2853148870753803,47.49279538904899
4,1.826788898243716,46.51209677419355,2.331135887978813,46.455331412103746
4,1.8311415239776436,46.47745571658615,2.3741771202482935,45.648414985590776
4,1.8344219004245181,46.483118971061096,2.4129660849197667,44.84149855907781
4,1.8387318994261717,46.468699839486355,2.436821363763326,44.32276657060519
4,1.8407916972903828,46.47435897435897,2.4616751316505643,44.20749279538905
4,1.8438026347050542,46.46,2.443949936447056,44.26512968299712
4,1.8464320567485533,46.465654952076676,2.407095509740065,44.84149855907781
4,1.8488457236242921,46.47129186602871,2.3623958732675296,45.821325648414984
4,1.8504774415571439,46.51671974522293,2.322377223298297,45.47550432276657
4,1.8544005747296308,46.46263910969793,2.2921035962720073,46.39769452449568
4,1.8562796801720796,46.48809523809524,2.2743510477553865,46.455331412103746
4,1.858138472508443,46.513470681458,2.2596499480410106,46.455331412103746
4,1.8601602087287525,46.53876582278481,2.2530717289392848,46.22478386167147
4,1.8612634339222782,46.58372827804107,2.2522761618486746,46.74351585014409
4,1.863547913690931,46.60883280757098,2.255184687777049,46.68587896253602
4,1.865435319707582,46.63385826771653,2.2605357538170527,46.85878962536023
4,1.8693249845583189,46.58018867924528,2.2666609814639465,46.34005763688761
4,1.8710094061729154,46.60518053375196,2.276610039620905,46.1671469740634
4,1.8740454923557608,46.59090909090909,2.2755796782981417,46.9164265129683
4,1.8777503868859065,46.576682316118934,2.2706094658869205,46.85878962536023
4,1.8810188966754235,46.5625,2.2848296827434944,46.570605187319885
4,1.8831516857602095,46.58736349453978,2.2847907501981006,46.34005763688761
4,1.8845300150937156,46.61214953271028,2.2796287393789685,46.570605187319885
4,1.8867116479889343,46.61741835147745,2.271703851937149,47.20461095100865
4,1.8890694687633138,46.62267080745342,2.258605939452,47.49279538904899
4,1.8914845644251297,46.627906976744185,2.2334577905417587,48.64553314121037
4,1.8946962452640659,46.65247678018576,2.2142267603478674,49.3371757925072
4,1.8969042558811213,46.67697063369397,2.2164239551065155,48.70317002881844
4,1.8997692503819341,46.66280864197531,2.2381217812063507,48.184438040345825
4,1.9015394731963935,46.687211093990754,2.2890384090111553,47.49279538904899
4,1.9045891457874524,46.67307692307692,2.3453936156589315,46.512968299711815
4,1.9079415660547583,46.63978494623656,2.3672996366628305,46.34005763688761
4,1.9126723923573368,46.625766871165645,2.299791334960867,47.262247838616716
4,1.9141264100215938,46.650076569678404,2.2652630729060017,48.069164265129686
4,1.9167047102592494,46.65519877675841,2.2640043834936785,47.83861671469741
4,1.920211816814385,46.6412213740458,2.287993594798075,47.377521613832855
4,1.9230927746939033,46.646341463414636,2.2919594782838075,46.97406340057637
4,1.9249331495087398,46.68949771689498,2.297067600461195,46.628242074927954
4,1.928782378568461,46.65653495440729,2.2844468099730357,46.455331412103746
4,1.9298298027562468,46.69954476479514,2.2761146151525082,46.34005763688761
4,1.9326892464960876,46.68560606060606,2.2560464154740085,47.08933717579251
4,1.9351358461928996,46.690620272314675,2.2369796622733364,47.83861671469741
4,1.9364897395042997,46.71450151057402,2.2185502436853226,48.01152737752162
4,1.9394416789867377,46.68174962292609,2.2032401960016945,48.01152737752162
4,1.9445718021377136,46.63027108433735,2.192694994161755,47.95389048991355
4,1.9472768770628854,46.63533834586466,2.188840765557531,47.435158501440924
4,1.949725862670886,46.640390390390394,2.1904741855260963,47.55043227665706
4,1.95203678447165,46.64542728635682,2.19760665833126,47.83861671469741
4,1.9555391992001157,46.631736526946106,2.200546587392482,47.319884726224785
4,1.9582989372313022,46.63677130044843,2.198199519363966,47.319884726224785
4,1.9611731092788671,46.64179104477612,2.186312343942405,47.08933717579251
4,1.9641075256231584,46.6467958271237,2.184902032948859,47.435158501440924
4,1.9664574970932382,46.651785714285715,2.186287888458797,47.55043227665706
4,1.9694517047389557,46.638187221396734,2.180904781763455,47.6657060518732
4,1.9733289542558947,46.64317507418398,2.1752253306626175,47.72334293948127
4,1.9782262594684175,46.592592592592595,2.1779377372583486,47.83861671469741
4,1.980300833167214,46.59763313609467,2.1872257856729393,47.262247838616716
4,1.9828769272487414,46.602658788774,2.201841947395131,47.08933717579251
4,1.9851872537873294,46.626106194690266,2.2111421735605337,47.03170028818444
4,1.9866216373678884,46.649484536082475,2.2264439694343077,47.14697406340058
4,1.9889216601456468,46.654411764705884,2.2396009303457727,46.97406340057637
4,1.9911909413572988,46.677679882525695,2.2394599606913905,47.20461095100865
4,1.9931585882447267,46.7008797653959,2.244145290093488,46.85878962536023
4,1.9965107848377603,46.650805270863835,2.2428590630606022,46.68587896253602
4,1.998344775681433,46.692251461988306,2.23881612477764,46.85878962536023
4,2.002030035500464,46.660583941605836,2.2319515976488318,47.435158501440924
4,2.005451881375752,46.62900874635569,2.2240165590141228,47.95389048991355
4,2.008102477655599,46.63391557496361,2.2231992120567003,47.72334293948127
4,2.0101152060455396,46.67514534883721,2.21954700831444,47.89625360230548
4,2.012015517252056,46.6799709724238,2.22886478928377,48.29971181556196
4,2.0154229306468836,46.68478260869565,2.216838373017201,48.64553314121037
4,2.0182121710949823,46.70767004341534,2.1946566846513527,48.472622478386164
4,2.0220027369496067,46.658236994219656,2.2005848546731306,48.70317002881844
4,2.0243404645276697,46.64502164502164,2.2019382874537174,48.126801152737755
4,2.028812589731656,46.61383285302594,2.1893433667547693,48.126801152737755
4,2.032298305434616,46.60071942446043,2.194012007405681,47.78097982708934
4,2.0349260177659363,46.605603448275865,2.211216054479098,47.49279538904899
4,2.036811312366473,46.62840746054519,2.2423017774858782,47.435158501440924
4,2.0384683183541425,46.651146131805156,2.266472478341397,46.39769452449568
4,2.040923681659134,46.67381974248927,2.276426536421622,46.455331412103746
4,2.0451874961586376,46.625,2.2642857701547685,46.80115273775216
4,2.046100991532991,46.683309557774606,2.251310572371505,47.20461095100865
4,2.0480835750306907,46.72364672364672,2.239908940506421,47.08933717579251
4,2.0510468177497385,46.71052631578947,2.2347824367510007,47.78097982708934
4,2.052647842584472,46.71519886363637,2.2386230452818805,48.29971181556196
4,2.055259916696109,46.719858156028366,2.2344666568364966,48.126801152737755
4,2.0578968104955395,46.70679886685552,2.229306756900752,47.6657060518732
4,2.0620626362138674,46.693776520509196,2.2163427384218313,47.435158501440924
4,2.063380382915861,46.73375706214689,2.21132816367435,47.319884726224785
4,2.0661669703298493,46.72073342736248,2.2161343097686768,46.628242074927954
4,2.068693986103723,46.725352112676056,2.2251590339269507,46.74351585014409
4,2.0723488842578313,46.69479606188467,2.2406225556052775,46.570605187319885
4,2.0749580223701503,46.68188202247191,2.2670309068420518,45.99423631123919
4,2.079399806613985,46.65147265077139,2.2844535774349617,45.648414985590776
4,2.0834103321166415,46.63865546218487,2.285149197149936,45.53314121037464
4,2.0837023799748797,46.71328671328671,2.2875580666801345,45.4178674351585
4,2.08654929921031,46.71787709497207,2.281701002252816,45.24495677233429
4,2.090241726017312,46.68758716875872,2.2715631967865377,45.706051873198845
4,2.0940092615783215,46.65738161559889,2.2679046568233296,45.36023054755043
4,2.0960434106227597,46.67941585535466,2.2757921010118474,45.014409221902014
4,2.0988803366689304,46.666666666666664,2.290990084272376,44.43804034582133
4,2.1010317693023306,46.67128987517337,2.3007040249037853,44.14985590778098
4,2.103306559865412,46.67590027700831,2.290729870169943,44.38040345821326
4,2.1057828189903183,46.6804979253112,2.2782481417128566,45.24495677233429
4,2.109861089249975,46.66781767955801,2.253359041455704,45.706051873198845
4,2.1121020701762876,46.672413793103445,2.2334124289350026,46.28242074927954
4,2.115460410753363,46.65977961432507,2.2195029939923967,46.570605187319885
4,2.1170926555599037,46.69876203576341,2.20744558166249,46.97406340057637
4,2.119482297999294,46.7032967032967,2.196023074987297,47.03170028818444
4,2.121731340924376,46.724965706447186,2.1899964567703036,47.55043227665706
4,2.1240880042706665,46.74657534246575,2.190077048018231,48.01152737752162
4,2.127514613498198,46.73392612859097,2.185801024535834,48.069164265129686
4,2.1312645587874086,46.7042349726776,2.1855344508650116,48.357348703170025
4,2.13507685147618,46.708731241473394,2.1970373881027996,48.01152737752162
4,2.137385985294455,46.73024523160763,2.205506966136018,48.29971181556196
4,2.1402471748229703,46.71768707482993,2.1932365317498483,48.53025936599423
4,2.144053706252261,46.70516304347826,2.1722322793050846,48.53025936599423
4,2.1453740440309046,46.74355495251017,2.144552781285229,49.39481268011527
4,2.148740578991802,46.7479674796748,2.1200675351828475,50.20172910662824
4,2.1503699279537325,46.75236806495264,2.1140857198820684,50.31700288184438
4,2.1518730184357415,46.75675675675676,2.115800673236495,50.31700288184438
4,2.1564400831727606,46.72739541160594,2.1263196424405146,50.25936599423631
4,2.1586890793552524,46.73180592991914,2.152489182311818,50.20172910662824
4,2.162652292886847,46.685733512786,2.1672526771022427,49.39481268011527
4,2.1664477124418084,46.67338709677419,2.1711876337429343,49.45244956772334
4,2.1707990281283855,46.62751677852349,2.171692928136219,49.04899135446686
4,2.1734915440411946,46.64879356568365,2.168739662192384,48.93371757925072
4,2.1767494467136106,46.61981258366801,2.1585279266405766,49.39481268011527
4,2.178486181128966,46.64104278074866,2.1553176982062205,49.164265129682995
4,2.1814425997436047,46.66221628838451,2.1577482445998126,49.45244956772334
4,2.1840474240481855,46.65,2.1604656478227007,49.164265129682995
4,2.18460984410424,46.70439414114514,2.1672438940694256,49.45244956772334
4,2.187358411911287,46.692154255319146,2.172999772058654,48.87608069164265
4,2.1900113305763194,46.713147410358566,2.1784554195294183,48.5878962536023
4,2.1919602082748164,46.73408488063661,2.1816291438269726,48.53025936599423
4,2.1955341448125085,46.72185430463576,2.1815279771655387,48.93371757925072
4,2.1969061100953504,46.726190476190474,2.1776867129835664,49.106628242074926
4,2.199257171389304,46.73051519154558,2.1764138384898137,48.99135446685879
4,2.2010770483236564,46.75131926121372,2.173986140209409,49.04899135446686
4,2.2040272166070185,46.73913043478261,2.173392798494084,48.93371757925072
4,2.2084662954273977,46.731434217026184,2.192235419827123,48.184438040345825
5,0.004171830415725708,25.0,2.3496588671811716,47.08933717579251
5,0.0073523628084283124,37.5,2.3500338246196097,47.14697406340058
5,0.011087763623187417,33.333333333333336,2.3498891479408686,47.03170028818444
5,0.014715866666091116,34.375,2.346109563304532,46.9164265129683
5,0.016597551421115273,42.5,2.341775534339764,46.9164265129683
5,0.02028515997685884,41.666666666666664,2.334169107648085,46.80115273775216
5,0.02348744555523521,44.642857142857146,2.3242943031447276,46.68587896253602
5,0.026682942164571663,43.75,2.31737299284078,46.628242074927954
5,0.0289680153131485,47.22222222222222,2.3071143835920345,46.74351585014409
5,0.03155892757992995,46.25,2.2954534413078416,47.03170028818444
5,0.033194931714158306,47.72727272727273,2.288886284498575,47.262247838616716
5,0.03472940592389358,50.0,2.293506230077436,46.628242074927954
5,0.03703388242345107,50.0,2.301856004148035,46.512968299711815
5,0.040454495423718505,48.214285714285715,2.2815885351550196,46.97406340057637
5,0.04186576400932513,50.0,2.2651515501435453,47.14697406340058
5,0.043668482178135924,51.5625,2.245179552911064,47.377521613832855
5,0.04801334142684936,50.0,2.2256686849528196,47.78097982708934
5,0.05042369224523243,48.611111111111114,2.219308408998674,47.95389048991355
5,0.05285354350742541,48.68421052631579,2.220988238736781,47.72334293948127
5,0.055347894053710135,48.125,2.2251467509753144,47.319884726224785
5,0.05808263075979132,48.214285714285715,2.229382147712092,47.55043227665706
5,0.05981834201436294,48.86363636363637,2.230819919691657,48.01152737752162
5,0.061522716754361204,50.54347826086956,2.233914749962943,47.55043227665706
5,0.06519731518469359,50.520833333333336,2.2298470839926723,47.08933717579251
5,0.06787689594846023,50.5,2.2212339969274635,47.6657060518732
5,0.0709935033007672,50.48076923076923,2.2212956731769897,48.01152737752162
5,0.07401079676653209,50.0,2.2187017358942516,47.78097982708934
5,0.07727186538671192,49.107142857142854,2.2119873740156675,47.78097982708934
5,0.08027446285674447,49.13793103448276,2.2068687526311743,48.472622478386164
5,0.0827982319028754,49.583333333333336,2.1942932586516104,48.93371757925072
5,0.0846881794302087,49.596774193548384,2.1702016405246223,49.51008645533141
5,0.0866046761211596,50.390625,2.15186972085232,50.086455331412104
5,0.09092969549329658,50.0,2.1369634136076896,50.028818443804035
5,0.0935629854076787,50.0,2.1314321456966314,49.3371757925072
5,0.09701562210133201,49.642857142857146,2.1308868098918192,49.56772334293948
5,0.09976288393924111,49.30555555555556,2.1351501048984614,49.39481268011527
5,0.1008192705480676,50.33783783783784,2.1395373141161307,49.56772334293948
5,0.10290144572132512,50.98684210526316,2.1431475811839653,49.39481268011527
5,0.10449821149048052,51.6025641025641,2.142141550367329,49.56772334293948
5,0.10625883325150139,51.875,2.1434701911864744,49.51008645533141
5,0.10993697972674119,51.52439024390244,2.139179532703716,49.279538904899134
5,0.11257740776789815,51.48809523809524,2.1367813068600845,49.164265129682995
5,0.11502949705249385,51.45348837209303,2.1351291938311494,49.221902017291065
5,0.11619022747403697,51.70454545454545,2.1352761343876887,49.51008645533141
5,0.11823007033059471,52.22222222222222,2.144951650349226,49.45244956772334
5,0.12073207568181188,51.90217391304348,2.163432227851059,49.3371757925072
5,0.12361549052752946,51.861702127659576,2.187556149498109,49.221902017291065
5,0.12535616716271952,52.083333333333336,2.2111084321127508,49.221902017291065
5,0.12729147351101824,52.295918367346935,2.2272455634609347,49.56772334293948
5,0.1313502841089901,51.75,2.227071289917291,49.74063400576369
5,0.13283861553982684,51.71568627450981,2.236795132610655,49.79827089337176
5,0.134745239819351,51.92307692307692,2.2519379576779732,49.164265129682995
5,0.13733099126502088,51.886792452830186,2.2762907548434175,48.76080691642651
5,0.13967812037781666,51.851851851851855,2.30117725007545,48.414985590778095
5,0.14263995234903537,51.59090909090909,2.2918322705728116,48.242074927953894
5,0.14338660781320772,52.232142857142854,2.2939659263681156,47.60806916426513
5,0.1465346399890749,51.973684210526315,2.3057892759274776,47.6657060518732
5,0.14995065056963972,52.1551724137931,2.3254129955296143,47.60806916426513
5,0.15143984109163283,52.54237288135593,2.3433894841901717,47.319884726224785
5,0.15396345861648258,52.291666666666664,2.382911695313344,46.455331412103746
5,0.15843359051566375,51.84426229508197,2.308102419024788,46.68587896253602
5,0.16128508613297815,51.61290322580645,2.2745357573307055,46.97406340057637
5,0.16440132644615676,51.19047619047619,2.2401083886348707,47.319884726224785
5,0.16719983416168313,51.171875,2.2045959813803573,48.242074927953894
5,0.17012629297218826,50.96153846153846,2.1824526819765295,48.53025936599423
5,0.17252210919794284,51.13636363636363,2.1662673172862847,48.99135446685879
5,0.17523353264520042,51.11940298507463,2.16203030133577,49.913544668587896
5,0.177953970197,51.286764705882355,2.1773650626982413,49.62536023054755
5,0.18177292856730912,51.08695652173913,2.1812261071073293,49.04899135446686
5,0.18398948994122052,51.25,2.189910001743774,48.99135446685879
5,0.1861443644291476,51.40845070422535,2.1879265374302315,48.81844380403458
5,0.18907240244903062,51.21527777777778,2.1891374247414723,48.414985590778095
5,0.19216115341374748,51.02739726027397,2.1918273411588185,48.184438040345825
5,0.19401992222196177,51.013513513513516,2.184441744182516,48.414985590778095
5,0.19698585467903237,51.0,2.1714121616930457,48.414985590778095
5,0.19811409343230096,51.31578947368421,2.165584470269867,48.184438040345825
5,0.20225076495032562,51.13636363636363,2.1550314701097903,48.472622478386164
5,0.20499898799155888,50.80128205128205,2.1596998259219156,47.83861671469741
5,0.20839868383972268,50.4746835443038,2.1679057443196874,47.78097982708934
5,0.21132268191952455,50.15625,2.1671548084729277,47.6657060518732
5,0.21264272151808988,50.46296296296296,2.1658827588305494,47.6657060518732
5,0.21456344919769388,50.609756097560975,2.1736371201304245,47.435158501440924
5,0.21539989952978336,51.05421686746988,2.1853129954382022,47.262247838616716
5,0.21724708919462404,51.041666666666664,2.1962639598802487,47.319884726224785
5,0.22076200991868972,50.88235294117647,2.2102625512857044,47.72334293948127
5,0.22551310180049194,50.58139534883721,2.202594654626011,47.55043227665706
5,0.2270916564684165,50.86206896551724,2.1916765985400994,48.069164265129686
5,0.22882158560188193,50.99431818181818,2.1821267879503665,48.01152737752162
5,0.23122348385421854,50.842696629213485,2.178800768841247,48.184438040345825
5,0.23408908851836857,50.69444444444444,2.176457637191368,48.472622478386164
5,0.23505320815663588,50.96153846153846,2.180907568349267,48.53025936599423
5,0.23728534234197515,51.08695652173913,2.181254683826376,48.414985590778095
5,0.24118633207521942,50.806451612903224,2.1688941519381264,48.53025936599423
5,0.2444265930276168,50.797872340425535,2.1588754464404376,48.70317002881844
5,0.2483378008792275,50.6578947368421,2.1462266431426125,49.106628242074926
5,0.25206261402682256,50.390625,2.1297757271248074,49.39481268011527
5,0.2551819864072298,50.25773195876289,2.1110145779249305,49.279538904899134
5,0.2578593846998717,50.12755102040816,2.107041636370294,49.51008645533141
5,0.26003732069542534,50.25252525252525,2.109370977647843,49.279538904899134
5,0.26280482521182613,50.25,2.120205847349035,48.5878962536023
5,0.2655611830322366,50.24752475247525,2.1376656285628743,48.53025936599423
5,0.26713103950023653,50.490196078431374,2.154254682602421,48.242074927953894
5,0.269059166469072,50.728155339805824,2.161988056475116,48.29971181556196
5,0.2718531232131155,50.72115384615385,2.174339390844793,48.126801152737755
5,0.27401089213396373,50.833333333333336,2.1833459295435436,48.472622478386164
5,0.2757997663397538,50.943396226415096,2.199055106958486,48.53025936599423
5,0.27806531096759596,50.8177570093458,2.228574005689489,48.184438040345825
5,0.2812896784983183,50.69444444444444,2.256475079169471,47.377521613832855
5,0.28270435960669266,50.80275229357798,2.2785802774714985,47.20461095100865
5,0.2863185967269697,50.45454545454545,2.273117429375099,47.08933717579251
5,0.28770337167539095,50.67567567567568,2.277098797982739,47.08933717579251
5,0.2898399742026078,50.78125,2.2672232537774994,47.14697406340058
5,0.2910346140202723,50.99557522123894,2.255644023967778,47.377521613832855
5,0.29486586412316873,50.87719298245614,2.228704600839571,47.95389048991355
5,0.29647975665958304,50.97826086956522,2.2174970719122116,48.069164265129686
5,0.2995954009263139,51.077586206896555,2.1903613506374273,48.53025936599423
5,0.3023461261077931,50.96153846153846,2.1894961774074537,48.414985590778095
5,0.30392259743652844,51.059322033898304,2.201106816942241,47.95389048991355
5,0.30642327407473013,51.05042016806723,2.212948677726605,47.60806916426513
5,0.30931462637687984,51.145833333333336,2.2291732499127015,47.55043227665706
5,0.3114507312053128,51.03305785123967,2.24524589150732,47.435158501440924
5,0.31438234989580355,50.92213114754098,2.2558885930869987,47.60806916426513
5,0.31578435246881686,51.11788617886179,2.2604251539652247,47.14697406340058
5,0.31743315356342416,51.108870967741936,2.2587510432515825,47.14697406340058
5,0.31973533151965394,51.2,2.2678028012750335,46.628242074927954
5,0.3226703727715894,50.992063492063494,2.2813414725290464,46.74351585014409
5,0.32500050044373463,51.08267716535433,2.285453651357906,46.68587896253602
5,0.32726455181837083,51.07421875,2.2784955603186434,46.74351585014409
5,0.330322417538417,51.065891472868216,2.278275115149362,47.262247838616716
5,0.3338120561681296,51.15384615384615,2.2689826802998643,47.49279538904899
5,0.3345292089016814,51.43129770992366,2.254478655103165,47.377521613832855
5,0.33798621618434005,51.42045454545455,2.2442801204694582,47.72334293948127
5,0.33942556169472243,51.50375939849624,2.2368880026900824,48.01152737752162
5,0.34026239882958564,51.77238805970149,2.2267457103948987,48.126801152737755
5,0.3419788449218399,51.851851851851855,2.213920094450498,48.184438040345825
5,0.3441771370015646,51.838235294117645,2.201125186434539,49.164265129682995
5,0.34623953927504386,51.916058394160586,2.186492104409477,49.106628242074926
5,0.34870095511800364,51.992753623188406,2.1779324475521316,48.76080691642651
5,0.3537117325161633,51.70863309352518,2.170587757216071,49.221902017291065
5,0.3560635934534826,51.69642857142857,2.1684645971944256,49.04899135446686
5,0.35822297342513737,51.773049645390074,2.175912897433004,48.93371757925072
5,0.3598822676037487,51.848591549295776,2.2032078394692065,48.184438040345825
5,0.36130414738466865,52.01048951048951,2.23478171847383,47.435158501440924
5,0.3643004383695753,51.822916666666664,2.26028989015087,46.80115273775216
5,0.3666520674761973,51.810344827586206,2.277794440770479,46.05187319884726
5,0.36949284178645986,51.88356164383562,2.30015735032921,45.53314121037464
5,0.3713211802275557,52.04081632653061,2.3213008142286733,45.014409221902014
5,0.37457329372042103,51.858108108108105,2.322916631874401,44.783861671469744
5,0.37640905937081887,51.92953020134228,2.336445436774311,44.726224783861674
5,0.37839341893007883,52.0,2.3547723878363858,44.84149855907781
5,0.37989095723942706,52.06953642384106,2.379886410752749,44.668587896253605
5,0.38102988671315347,52.2203947368421,2.3950751940226227,45.99423631123919
5,0.383331377647425,52.287581699346404,2.360221809505867,46.9164265129683
5,0.3880990553059076,52.19155844155844,2.267277476424995,48.29971181556196
5,0.38970336357229635,52.41935483870968,2.253515227599078,48.70317002881844
5,0.3910346364504413,52.56410256410256,2.3081874800717226,47.20461095100865
5,0.39335238313988635,52.62738853503185,2.3566704510543754,46.68587896253602
5,0.3976231073862628,52.45253164556962,2.325954388638246,46.74351585014409
5,0.4000278699554895,52.437106918238996,2.288298655764848,47.20461095100865
5,0.4024196049884746,52.578125,2.242310179818061,47.95389048991355
5,0.4051897129730174,52.40683229813665,2.1992677507861966,48.64553314121037
5,0.4068141087889671,52.46913580246913,2.180434089651855,49.221902017291065
5,0.40946565623346126,52.530674846625764,2.1696315130330452,48.99135446685879
5,0.4133947621050634,52.36280487804878,2.169074123905551,48.184438040345825
5,0.4172831282019615,52.27272727272727,2.177443593877801,47.83861671469741
5,0.42095674629274166,52.183734939759034,2.186980440319958,47.49279538904899
5,0.42250665245871794,52.24550898203593,2.2039963023453812,47.377521613832855
5,0.4248148769924515,52.30654761904762,2.2200763079977257,47.377521613832855
5,0.428602707935007,52.071005917159766,2.2228099517009223,47.319884726224785
5,0.4302687870044457,52.205882352941174,2.2205282166806235,47.60806916426513
5,0.4310986440432699,52.485380116959064,2.2286207401258054,47.6657060518732
5,0.43390382089112933,52.54360465116279,2.2376295399555963,47.49279538904899
5,0.4361473023891449,52.528901734104046,2.243542954119669,47.435158501440924
5,0.4394160088739897,52.514367816091955,2.2347047870060264,46.97406340057637
5,0.4419257618879017,52.57142857142857,2.224757683441936,46.628242074927954
5,0.44529889633781033,52.48579545454545,2.223134903314476,46.85878962536023
5,0.4472639742650484,52.47175141242938,2.2272085701265643,47.14697406340058
5,0.4503164103156642,52.3876404494382,2.234860887999908,47.89625360230548
5,0.4532816905724375,52.30446927374302,2.2054693827980674,47.95389048991355
5,0.4556229359225223,52.361111111111114,2.180536177301187,48.87608069164265
5,0.45805435149293194,52.4171270718232,2.1603056502781706,49.39481268011527
5,0.46160014428590473,52.33516483516483,2.150284431222397,49.85590778097983
5,0.46492478094602885,52.25409836065574,2.146571794138526,50.25936599423631
5,0.4692723559705835,52.17391304347826,2.1436616404814655,50.43227665706052
5,0.47240690557580245,52.16216216216216,2.1401497581587408,50.20172910662824
5,0.4747429480678157,52.21774193548387,2.1415765637076944,49.85590778097983
5,0.4757235877607998,52.406417112299465,2.137648820877075,49.68299711815562
5,0.478137014021999,52.3936170212766,2.1293995372161336,49.913544668587896
5,0.48057724182543,52.38095238095238,2.1180321027606315,50.25936599423631
5,0.4839081576780269,52.171052631578945,2.1090508108864183,50.31700288184438
5,0.4870399011593116,52.09424083769633,2.1004814782999626,50.37463976945245
5,0.48937756740733196,52.083333333333336,2.0988540623319865,51.06628242074928
5,0.49264395307553444,52.00777202072539,2.1058838015877157,50.893371757925074
5,0.4947626051934142,52.06185567010309,2.124816807459027,50.028818443804035
5,0.4968642230880888,52.05128205128205,2.1393069920177283,49.106628242074926
5,0.49929335015384774,52.04081632653061,2.1528133821377557,48.53025936599423
5,0.5023556438715835,52.03045685279188,2.1518204030902703,48.70317002881844
5,0.5068792715668679,51.89393939393939,2.124137757011273,48.99135446685879
5,0.5094705615388719,51.88442211055276,2.113922307156198,49.279538904899134
5,0.5123463620480738,51.875,2.1130276624508166,49.45244956772334
5,0.5155536258691236,51.865671641791046,2.1235817549964797,49.279538904899134
5,0.5185159720088306,51.85643564356435,2.129670256019188,49.51008645533141
5,0.5218731920185842,51.724137931034484,2.1197265457997125,49.74063400576369
5,0.5231639564821594,51.89950980392157,2.105929992165983,50.43227665706052
5,0.5256335243582726,51.890243902439025,2.0949154103406564,50.60518731988473
5,0.5280945684564741,51.94174757281554,2.0788995357153053,51.29682997118156
5,0.5305016993692047,51.871980676328505,2.064587838638763,51.527377521613836
5,0.5317470982670784,51.98317307692308,2.0579240478678233,51.873198847262245
5,0.5340021821229082,52.03349282296651,2.0528088418020083,52.04610951008645
5,0.536527012131716,52.023809523809526,2.047582293985077,52.21902017291066
5,0.5378370105435973,52.132701421800945,2.046882131132662,52.737752161383284
5,0.540405979987822,52.12264150943396,2.0460914019066068,52.737752161383284
5,0.5432059376647598,52.11267605633803,2.0517738195058937,52.44956772334294
5,0.5456659819734724,52.2196261682243,2.0569535647669146,52.27665706051873
5,0.549743992482361,52.151162790697676,2.063829154462858,52.39193083573487
5,0.5521885031932279,52.083333333333336,2.069005701948421,52.44956772334294
5,0.5537739469032539,52.1889400921659,2.076590133152799,52.21902017291066
5,0.5572666501528338,52.06422018348624,2.078344675115726,52.04610951008645
5,0.55993687549704,52.054794520547944,2.083472551838044,51.873198847262245
5,0.5617766230514175,52.15909090909091,2.087493507818143,51.35446685878963
5,0.5641111097053477,52.14932126696833,2.099884184549481,50.6628242074928
5,0.5676457059226538,52.083333333333336,2.1164015758147436,50.028818443804035
5,0.5702968468007289,52.01793721973094,2.128946573366218,48.87608069164265
5,0.572388581461028,52.064732142857146,2.1386095264814964,48.53025936599423
5,0.5747315525224335,52.05555555555556,2.1355288503906142,48.70317002881844
5,0.5770084948131913,52.10176991150443,2.1366181230764782,49.51008645533141
5,0.5800355624995733,52.0374449339207,2.1241530564523514,49.04899135446686
5,0.5829668251307387,51.973684210526315,2.1133548280885144,49.56772334293948
5,0.5846863223533881,52.019650655021834,2.122371459474212,49.56772334293948
5,0.5853027388453483,52.17391304347826,2.133476480360954,49.68299711815562
5,0.5867091272222368,52.27272727272727,2.144086423282799,49.62536023054755
5,0.5882803326374606,52.31681034482759,2.1618246103761383,49.68299711815562
5,0.5902204774712262,52.41416309012875,2.17985553016311,49.45244956772334
5,0.5922713755777008,52.457264957264954,2.189280517090301,49.68299711815562
5,0.594583855726217,52.5,2.2123733051636254,49.56772334293948
5,0.5972923676434316,52.38347457627118,2.2264184839165155,49.51008645533141
5,0.6005746147350262,52.4789029535865,2.2069929950797613,49.51008645533141
5,0.6024375734360594,52.52100840336134,2.1988711740289415,49.3371757925072
5,0.604629223989813,52.51046025104603,2.192408850802804,48.93371757925072
5,0.6051544935687592,52.65625,2.1918837842853387,48.87608069164265
5,0.607618956150193,52.64522821576764,2.203556534057389,48.81844380403458
5,0.6104997267456431,52.582644628099175,2.210981500313579,48.01152737752162
5,0.6139776342401378,52.57201646090535,2.219844810698988,47.55043227665706
5,0.6159340701213009,52.61270491803279,2.2468862735456034,47.435158501440924
5,0.6190591231380639,52.5,2.263457488079774,47.08933717579251
5,0.6214873382527577,52.540650406504064,2.2525124293043866,47.262247838616716
5,0.6248265786782692,52.479757085020246,2.246388304343421,47.319884726224785
5,0.6266495028216588,52.46975806451613,2.253306022162811,47.08933717579251
5,0.6290652936618579,52.51004016064257,2.2620134771144884,47.03170028818444
5,0.6313794101147275,52.5,2.2661217582939956,46.68587896253602
5,0.6333371604351621,52.49003984063745,2.2663770856395846,46.80115273775216
5,0.6351958136417364,52.529761904761905,2.2552759139219187,46.97406340057637
5,0.6366823230526949,52.569169960474305,2.2546513162999657,47.20461095100865
5,0.6386972530499885,52.55905511811024,2.2526887045477944,47.262247838616716
5,0.6399771724484469,52.64705882352941,2.2453628748243304,47.377521613832855
5,0.6423957447864508,52.734375,2.2223313711755286,47.55043227665706
5,0.643956838116834,52.77237354085603,2.2227408109996727,47.83861671469741
5,0.6477278326294924,52.76162790697674,2.2046162056208756,48.069164265129686
5,0.6501160643210536,52.75096525096525,2.1919501853703354,48.357348703170025
5,0.6520390888185877,52.83653846153846,2.195864843058696,48.242074927953894
5,0.6531952542301855,52.92145593869732,2.201665273047812,48.126801152737755
5,0.6552299116395022,52.86259541984733,2.2102640352216185,48.242074927953894
5,0.6577121222881894,52.851711026615966,2.2300923619127495,47.95389048991355
5,0.6611065258713145,52.84090909090909,2.2465398177023856,47.72334293948127
5,0.6639104557272635,52.83018867924528,2.266655457733963,47.377521613832855
5,0.6651125698889556,52.96052631578947,2.292493297070402,46.570605187319885
5,0.6654059768311287,53.13670411985019,2.3138604212191796,46.28242074927954
5,0.6677062254791197,53.125,2.310305146715059,46.628242074927954
5,0.6696753403662067,53.20631970260223,2.2691334720855485,47.49279538904899
5,0.6728256491257956,53.148148148148145,2.220599408797954,48.357348703170025
5,0.6747714076191187,53.22878228782288,2.1774800553025186,49.04899135446686
5,0.6768486443907022,53.30882352941177,2.1427311985174082,49.279538904899134
5,0.6801561745177759,53.25091575091575,2.114186762115373,49.56772334293948
5,0.6814762558395925,53.23905109489051,2.1066927927705,49.39481268011527
5,0.6850383956769579,53.13636363636363,2.1109946762911185,49.62536023054755
5,0.6864098643589961,53.21557971014493,2.122266439523565,49.79827089337176
5,0.6872693124374277,53.33935018050541,2.139147430795678,49.51008645533141
5,0.6897905597365216,53.37230215827338,2.1562054327556064,49.85590778097983
5,0.692072645594415,53.40501792114696,2.176895191317879,49.56772334293948
5,0.6968210110342816,53.348214285714285,2.1547851015895194,49.45244956772334
5,0.699309941008687,53.380782918149464,2.121918534628257,49.68299711815562
5,0.7020064805487268,53.413120567375884,2.0917012056996747,50.37463976945245
5,0.7043221566041834,53.40106007067138,2.085196019455035,50.720461095100866
5,0.7066667746360364,53.477112676056336,2.0864916398503266,50.60518731988473
5,0.7093048181776938,53.421052631578945,2.09208550362543,50.25936599423631
5,0.7118304776321901,53.40909090909091,2.103981198940409,49.106628242074926
5,0.714867496157163,53.353658536585364,2.118733099116708,48.472622478386164
5,0.7175374068515865,53.385416666666664,2.12885183878758,48.29971181556196
5,0.7222527585335468,53.28719723183391,2.1384082409094005,48.414985590778095
5,0.7236753909015342,53.36206896551724,2.143036641420857,48.069164265129686
5,0.7263877284958175,53.350515463917525,2.144726574420929,47.95389048991355
5,0.7294582341650598,53.33904109589041,2.147707588386975,47.95389048991355
5,0.7314499415653316,53.370307167235495,2.1581597096085,47.60806916426513
5,0.7336389695147151,53.35884353741496,2.166410379695453,47.435158501440924
5,0.7358577354762115,53.347457627118644,2.1784789232614403,47.83861671469741
5,0.7383498580636163,53.336148648648646,2.172683974015548,48.126801152737755
5,0.739927904523517,53.36700336700337,2.16163336214382,48.242074927953894
5,0.7445149280326931,53.27181208053691,2.1470182790734254,47.89625360230548
5,0.7464053677689088,53.302675585284284,2.138475760886197,48.242074927953894
5,0.7491987839929367,53.291666666666664,2.1332607604391565,48.5878962536023
5,0.7501799142478328,53.363787375415285,2.1315966630311607,48.76080691642651
5,0.7546874182592881,53.311258278145694,2.1305696840659816,48.64553314121037
5,0.758261780185919,53.259075907590756,2.1470587886698236,47.6657060518732
5,0.7605004333939992,53.20723684210526,2.177938643001741,46.97406340057637
5,0.761757798159593,53.278688524590166,2.2112291989513255,46.455331412103746
5,0.7637933427369908,53.26797385620915,2.2603283852750806,45.53314121037464
5,0.7648587240004225,53.33876221498371,2.3128273927945697,45.18731988472622
5,0.7681252395440089,53.246753246753244,2.3351104284211788,44.89913544668588
5,0.7709411449142193,53.236245954692556,2.351638750546539,44.4956772334294
5,0.7722152694079437,53.266129032258064,2.3732640854499305,44.43804034582133
5,0.7742015532561038,53.29581993569132,2.3773800332425377,44.55331412103747
5,0.7790607190249782,53.1650641025641,2.350356128907973,44.668587896253605
5,0.7826078375507343,53.075079872204476,2.3158965993861447,45.24495677233429
5,0.7851876536286191,53.105095541401276,2.286393977117978,45.87896253602305
5,0.786748552302781,53.17460317460318,2.252970658277037,47.08933717579251
5,0.7884624860592578,53.24367088607595,2.186128586118672,47.83861671469741
5,0.7898737623307266,53.23343848580441,2.1547343263977683,48.5878962536023
5,0.7922784347087145,53.223270440251575,2.0974952454940516,49.51008645533141
5,0.7947130944971975,53.17398119122257,2.075860720763009,49.56772334293948
5,0.7964570093899965,53.203125,2.069228219546481,49.85590778097983
5,0.7977061369505368,53.309968847352025,2.0707156291480437,49.51008645533141
5,0.7999572004730764,53.338509316770185,2.0704554198524368,49.279538904899134
5,0.8016267778646005,53.36687306501548,2.07027269192555,49.62536023054755
5,0.8031524986616875,53.39506172839506,2.071359655824125,49.79827089337176
5,0.8048963186576178,53.42307692307692,2.0723656289588472,49.79827089337176
5,0.8063282644082057,53.489263803680984,2.0739746431601214,49.79827089337176
5,0.809735581180767,53.36391437308868,2.0825072969159772,49.913544668587896
5,0.8121583729002037,53.3155487804878,2.0812485329291786,50.31700288184438
5,0.814502279754532,53.30547112462006,2.086140721761686,50.25936599423631
5,0.8167148581264835,53.25757575757576,2.091169345488746,50.25936599423631
5,0.8188421955822329,53.24773413897281,2.0991645246606816,49.971181556195965
5,0.8206887786913859,53.27560240963855,2.108392270616672,49.79827089337176
5,0.8233807751026593,53.265765765765764,2.108365324922421,49.39481268011527
5,0.8242300509426155,53.33083832335329,2.107535495049393,49.279538904899134
5,0.8265034124059113,53.35820895522388,2.1110556245124834,49.39481268011527
5,0.8290247293483269,53.311011904761905,2.1229033198224783,49.56772334293948
5,0.8325107995420694,53.26409495548961,2.1270145107798863,49.221902017291065
5,0.8341055353025072,53.2914201183432,2.130973161914931,49.39481268011527
5,0.8370824190150751,53.24483775811209,2.145029382359597,49.279538904899134
5,0.8383531007915735,53.30882352941177,2.1520207875884623,49.279538904899134
5,0.8409985557002456,53.33577712609971,2.1450671935411094,49.51008645533141
5,0.8432177872053886,53.36257309941521,2.1392945498914764,49.56772334293948
5,0.8450914030600535,53.38921282798834,2.13244972250978,49.51008645533141
5,0.8472364648980529,53.4156976744186,2.122008439445276,49.74063400576369
5,0.850477039559107,53.369565217391305,2.1065740762493026,50.086455331412104
5,0.8540750946457448,53.28757225433526,2.0964741612085,50.6628242074928
5,0.8567458134536681,53.31412103746398,2.0841873591671343,51.00864553314121
5,0.8588175554612749,53.304597701149426,2.0803244324049093,51.06628242074928
5,0.8621986879133865,53.22349570200573,2.072679589283631,51.00864553314121
5,0.8649914428395661,53.17857142857143,2.064977844464614,51.12391930835735
5,0.8687089801422859,53.13390313390313,2.054412470709893,50.835734870317005
5,0.869784962091791,53.23153409090909,2.0530612136361786,50.778097982708935
5,0.8732701777431525,53.22237960339943,2.0635980698644842,50.20172910662824
5,0.8744787606557733,53.28389830508475,2.087516758024418,50.14409221902017
5,0.8783394921571016,53.20422535211268,2.1175275032970764,49.56772334293948
5,0.8805494774132967,53.23033707865169,2.148691380628243,48.87608069164265
5,0.8822055526273815,53.2563025210084,2.179575376796283,48.242074927953894
5,0.8837068951247554,53.31703910614525,2.211570536211339,47.89625360230548
5,0.885923556414874,53.34261838440111,2.2543578400589905,46.97406340057637
5,0.8891619806030863,53.263888888888886,2.2962788280254136,46.10951008645533
5,0.8906397899318682,53.28947368421053,2.3261991442623224,45.648414985590776
5,0.8951994235382268,53.21132596685083,2.3289184663702267,45.18731988472622
5,0.8976201932485166,53.23691460055097,2.310324346140233,45.763688760806915
5,0.9006760706830966,53.19368131868132,2.2621551095615335,46.68587896253602
5,0.9024055697219936,53.25342465753425,2.2332662894703827,47.03170028818444
5,0.9036935510407937,53.31284153005465,2.202986881480239,47.83861671469741
5,0.906283323447171,53.30381471389646,2.1811121814811285,48.5878962536023
5,0.9083197089206231,53.328804347826086,2.1691253539603976,49.106628242074926
5,0.9095390425504822,53.353658536585364,2.181045230357878,48.64553314121037
5,0.9126423787717757,53.310810810810814,2.209404807211617,48.069164265129686
5,0.9164418417176133,53.26819407008086,2.23420484412101,47.377521613832855
5,0.9197740409523248,53.19220430107527,2.24508207239863,47.14697406340058
5,0.9220514246311627,53.183646112600535,2.234762456559915,47.72334293948127
5,0.9238183006448181,53.24197860962567,2.2150893906294478,47.6657060518732
5,0.927548603380197,53.166666666666664,2.199402382846252,48.01152737752162
5,0.9303986437030529,53.125,2.1813211495975198,48.357348703170025
5,0.9320592404000069,53.149867374005304,2.1851487637664864,48.70317002881844
5,0.9344408184878136,53.17460317460318,2.201921369897605,48.414985590778095
5,0.9380911468479194,53.16622691292876,2.2366739555437993,47.20461095100865
5,0.9417243354218571,53.026315789473685,2.2803259813291135,46.570605187319885
5,0.9437043297251588,53.018372703412076,2.328601550671362,46.10951008645533
5,0.944500491552447,53.1086387434555,2.3730485447540812,45.18731988472622
5,0.9466382740947761,53.16579634464752,2.39093725884565,45.24495677233429
5,0.9484026821624292,53.22265625,2.3526328862537436,46.10951008645533
5,0.9487389882732379,53.311688311688314,2.3270563604095567,46.39769452449568
5,0.9502563310100844,53.36787564766839,2.2968486242579975,46.9164265129683
5,0.9522491374886349,53.39147286821706,2.26631916118657,47.95389048991355
5,0.9549722368583867,53.38273195876289,2.2325784080588873,48.5878962536023
5,0.9566938266746308,53.40616966580977,2.2007498936169707,48.99135446685879
5,0.9587477967731263,53.36538461538461,2.162823888288665,49.106628242074926
5,0.9607499175754033,53.32480818414322,2.1272771866640188,50.48991354466859
5,0.9621162436314319,53.380102040816325,2.1015482143872344,51.527377521613836
5,0.96380832146265,53.403307888040715,2.090344777854357,51.70028818443804
5,0.9673065764143278,53.36294416243655,2.0707117613010144,52.04610951008645
5,0.9690931774871914,53.35443037974684,2.0591050095272503,51.757925072046106
5,0.9717666167765856,53.31439393939394,2.0548983018519142,51.70028818443804
5,0.9745158408621424,53.306045340050375,2.0523617605459856,51.930835734870314
5,0.9765321745488205,53.32914572864322,2.0592784032843627,51.70028818443804
5,0.9785289637156223,53.352130325814535,2.0660485493422653,51.70028818443804
5,0.9813581195120749,53.3125,2.0863247302270707,51.585014409221905
5,0.9843790595272653,53.3354114713217,2.086255188636516,51.527377521613836
5,0.9868264889834742,53.3271144278607,2.0848682204149833,51.642651296829975
5,0.9884479258993738,53.349875930521094,2.091415233051722,51.642651296829975
5,0.9913912484324292,53.31064356435643,2.0857628015329213,51.815561959654175
5,0.9950957555323839,53.27160493827161,2.074996224471501,51.46974063400577
5,0.9976577880939371,53.23275862068966,2.0637913162257813,51.873198847262245
5,1.000350206129645,53.19410319410319,2.037148226516038,52.50720461095101
5,1.0039615731294218,53.125,2.021046409958519,52.622478386167145
5,1.0059420136832877,53.1479217603912,2.025223527361171,51.98847262247838
5,1.00747092223089,53.170731707317074,2.0438592719592257,50.95100864553314
5,1.0108739389988937,53.132603406326034,2.0816620027964015,50.14409221902017
5,1.0135968495160341,53.09466019417476,2.1172000801508326,49.39481268011527
5,1.0179367866759237,53.026634382566584,2.1434227780262995,49.3371757925072
5,1.0208722432781208,53.01932367149758,2.1643744690627,48.5878962536023
5,1.0228076900110432,53.04216867469879,2.1610541343688965,48.81844380403458
5,1.0257551252645882,53.03485576923077,2.1428544507598,49.279538904899134
5,1.0286759840618622,52.99760191846523,2.1209512751223305,49.62536023054755
5,1.0304644212714935,53.020334928229666,2.101761465797776,50.086455331412104
5,1.0331929700743212,53.01312649164678,2.087514718007382,50.60518731988473
5,1.034176779244291,53.095238095238095,2.074287344508457,50.54755043227666
5,1.0362623711753833,53.14726840855107,2.063293734728466,51.06628242074928
5,1.0403713321803432,53.02132701421801,2.056314841942853,51.527377521613836
5,1.042606757012637,53.07328605200946,2.050130122268255,51.815561959654175
5,1.0443765316942806,53.095518867924525,2.0632802585852312,51.70028818443804
5,1.046327944472432,53.088235294117645,2.064026907567055,50.893371757925074
5,1.047810915249743,53.139671361502344,2.061016616184041,50.95100864553314
5,1.0503615697551714,53.10304449648712,2.066041574774799,51.23919308357349
5,1.0533998239785434,53.066588785046726,2.074296926298449,51.06628242074928
5,1.056440347256629,53.03030303030303,2.0754265724788614,51.06628242074928
5,1.0597669082056536,52.99418604651163,2.0779271655917717,51.12391930835735
5,1.0615209674952846,53.01624129930394,2.0904909188296936,51.18155619596542
5,1.0632157113795218,53.00925925925926,2.0996938443952993,51.23919308357349
5,1.0675867116568905,52.9445727482679,2.0948461733655446,51.585014409221905
5,1.0694938952789494,52.96658986175115,2.08100948960001,52.10374639769452
5,1.0721034714854076,52.95977011494253,2.0594144952462017,51.757925072046106
5,1.0734934616833924,52.981651376146786,2.045315448452251,51.98847262247838
5,1.0752880271916327,53.03203661327231,2.042979313206563,52.04610951008645
5,1.0782993266260938,52.99657534246575,2.0410688250295577,51.642651296829975
5,1.0810148587156283,52.989749430523915,2.050563769406437,51.23919308357349
5,1.0832441161925856,53.01136363636363,2.0741158696363597,51.12391930835735
5,1.0880278946341653,52.919501133786845,2.0982041369934787,50.54755043227666
5,1.0910344837331458,52.94117647058823,2.1099003764890853,50.20172910662824
5,1.0924571305317314,52.9627539503386,2.12648727432374,50.43227665706052
5,1.094992160150095,52.95608108108108,2.13457405319961,50.028818443804035
5,1.0976474448058167,52.949438202247194,2.1260621874563155,50.086455331412104
5,1.100523574709108,52.94282511210762,2.126887185507656,50.20172910662824
5,1.1048042604601698,52.9082774049217,2.123516407155771,50.14409221902017
5,1.1081967626551263,52.901785714285715,2.1153140716289047,50.20172910662824
5,1.1098727712309675,52.95100222717149,2.0809419221043037,50.893371757925074
5,1.114022700704242,52.916666666666664,2.056817511534361,51.46974063400577
5,1.1154035986842294,52.993348115299334,2.0212828654298036,51.873198847262245
5,1.1179925703492604,53.014380530973455,2.011449348679336,52.622478386167145
5,1.1209514503220195,52.980132450331126,2.008368111975182,52.564841498559076
5,1.1235241667024398,53.00110132158591,2.022824381628344,52.10374639769452
5,1.1269977036079293,52.967032967032964,2.039062422129416,51.70028818443804
5,1.130023751741177,52.93311403508772,2.0584089426401024,51.527377521613836
5,1.1318848628550768,52.89934354485777,2.083714937422133,51.70028818443804
5,1.135431052803209,52.86572052401747,2.1033765284971158,51.06628242074928
5,1.1376737001499062,52.886710239651414,2.132659382122453,50.086455331412104
5,1.1400212151243498,52.90760869565217,2.138138511213839,50.14409221902017
5,1.1436939479293007,52.90130151843818,2.119070628271674,50.31700288184438
5,1.1458013033984522,52.922077922077925,2.1019261042643254,50.6628242074928
5,1.148690028390602,52.915766738660906,2.0800156516413533,51.46974063400577
5,1.1502563148540885,52.9364224137931,2.059269001407008,51.815561959654175
5,1.1526968588758455,52.903225806451616,2.0377456541709638,52.39193083573487
5,1.1554173826975258,52.896995708154506,2.032588470366693,52.10374639769452
5,1.1563785006145113,52.971092077087796,2.0371275574380903,52.04610951008645
5,1.1577000538573454,52.99145299145299,2.047846966899485,51.4121037463977
5,1.160551211924145,52.985074626865675,2.06416592194188,51.29682997118156
5,1.1627033982425927,53.005319148936174,2.0778315390035305,51.00864553314121
5,1.1641882652318791,53.052016985138,2.0902648381373847,50.835734870317005
5,1.16581788853203,53.07203389830509,2.085917703154999,50.95100864553314
5,1.166584032362229,53.118393234672304,2.083405564869604,50.60518731988473
5,1.1699816147551725,53.05907172995781,2.0653105467420567,51.23919308357349
5,1.1732002100466112,53.026315789473685,2.0500930484538804,51.4121037463977
5,1.176038481275502,53.01995798319328,2.048954818929945,51.46974063400577
5,1.1771503533775869,53.06603773584906,2.0567508232758343,51.23919308357349
5,1.1802798463129685,52.98117154811715,2.0573242581385074,51.4121037463977
5,1.1832997448154186,52.97494780793319,2.0535475738037565,51.23919308357349
5,1.186393138668255,52.96875,2.0480005477430634,51.06628242074928
5,1.188932988576983,52.98856548856549,2.032459583425302,51.46974063400577
5,1.1908348738166847,53.00829875518672,2.0294064253156634,51.18155619596542
5,1.19351513219115,52.976190476190474,2.0346829133099673,50.893371757925074
5,1.1952543830204951,52.99586776859504,2.0502260610255227,50.720461095100866
5,1.1969435698695874,53.04123711340206,2.065018870726159,50.48991354466859
5,1.1999976083440216,53.00925925925926,2.081798945841152,50.60518731988473
5,1.2032657686620951,53.003080082135526,2.089162064038114,50.720461095100866
5,1.2045347086497042,53.02254098360656,2.1010699773439065,50.54755043227666
5,1.2068705862878184,52.99079754601227,2.123122202498572,49.85590778097983
5,1.2096199443269717,52.95918367346939,2.1455678106178335,48.5878962536023
5,1.211138394298522,53.0040733197556,2.1558308336317267,48.76080691642651
5,1.2127475434031925,53.02337398373984,2.157456194612837,48.242074927953894
5,1.214762158593849,53.01724137931034,2.1464256907937713,48.64553314121037
5,1.216756876969808,53.036437246963565,2.135521249287689,48.87608069164265
5,1.220170755586342,52.97979797979798,2.122417290639218,49.913544668587896
5,1.2228519005014709,52.948588709677416,2.1021050680342905,50.20172910662824
5,1.2255850984665908,52.967806841046276,2.0906791148647184,51.00864553314121
5,1.2280100823821205,52.96184738955823,2.0812087048033963,51.00864553314121
5,1.2313069843736133,52.95591182364729,2.0665906480929817,51.585014409221905
5,1.2330846551021464,53.0,2.0641782324984326,51.527377521613836
5,1.2362604068886294,52.94411177644711,2.0568745616943604,51.757925072046106
5,1.238128976268988,52.98804780876494,2.059044742089812,51.46974063400577
5,1.2402748899828446,53.00695825049702,2.0643403914666947,51.642651296829975
5,1.2452471925828017,52.926587301587304,2.070688332280805,51.23919308357349
5,1.2465698405119934,52.97029702970297,2.076623770773136,51.00864553314121
5,1.2477011157297775,53.01383399209486,2.075756989316457,51.06628242074928
5,1.2486799228152161,53.057199211045365,2.0750951648857185,50.95100864553314
5,1.2495627396789035,53.0757874015748,2.07574701707484,51.06628242074928
5,1.2524184201696986,53.06974459724951,2.0707311182527497,51.29682997118156
5,1.2544623148872664,53.13725490196079,2.0656915558373323,51.00864553314121
5,1.256012788238494,53.18003913894325,2.0732737445886236,51.06628242074928
5,1.258682936096662,53.125,2.0811434651849456,51.18155619596542
5,1.261758797400092,53.11890838206628,2.094751929220516,51.18155619596542
5,1.2651988819829727,53.08852140077821,2.10003263280139,51.06628242074928
5,1.266237059137539,53.13106796116505,2.096296327729379,51.00864553314121
5,1.2678924901508972,53.14922480620155,2.0851449119055876,50.720461095100866
5,1.2691294989107471,53.21566731141199,2.073285729517036,50.6628242074928
5,1.2713049344914524,53.23359073359073,2.06036552141339,50.6628242074928
5,1.2732888788573051,53.27552986512524,2.051473210758877,51.12391930835735
5,1.2769818383416063,53.29326923076923,2.0417039722616224,51.35446685878963
5,1.2808465313558515,53.26295585412668,2.0249292243460904,51.23919308357349
5,1.2817757774928682,53.304597701149426,2.0229705824830018,51.527377521613836
5,1.2860930545353575,53.22657743785851,2.025760550378105,51.873198847262245
5,1.2891777956760244,53.2442748091603,2.031196955574273,51.930835734870314
5,1.2914721109953367,53.23809523809524,2.042019457723688,51.18155619596542
5,1.294316814820233,53.208174904942965,2.0404438118231463,51.815561959654175
5,1.296494857947293,53.178368121442126,2.041594487044119,51.527377521613836
5,1.2989299189691481,53.172348484848484,2.0370377388692673,52.04610951008645
5,1.2999769333750009,53.237240075614366,2.031387943139274,52.44956772334294
5,1.3030056649720982,53.2311320754717,2.0304324929065967,52.44956772334294
5,1.305108801059817,53.24858757062147,2.0292579858533797,52.3342939481268
5,1.3080362009962923,53.19548872180451,2.0273826971032105,52.50720461095101
5,1.3097803419161784,53.23639774859287,2.0319445679814034,52.680115273775215
5,1.312387930150879,53.25374531835206,2.0397972449454294,52.680115273775215
5,1.314293473860935,53.271028037383175,2.0226513108899518,52.79538904899135
5,1.3169894044924724,53.24160447761194,2.0034614795913344,53.544668587896254
5,1.3186892546125148,53.23556797020484,1.99754879688887,53.25648414985591
5,1.3204393031369699,53.276022304832715,1.9956382798709078,53.14121037463977
5,1.323430371186451,53.246753246753244,1.9911163368258058,53.544668587896254
5,1.3253604348356787,53.263888888888886,1.986819509811665,53.487031700288185
5,1.3267506328656484,53.28096118299445,1.9816972804234325,53.25648414985591
5,1.32772496238743,53.321033210332104,1.9788354647599058,53.31412103746398
5,1.3298241529613732,53.31491712707182,1.9769063723801468,53.19884726224784
5,1.3316813284433202,53.33180147058823,1.9745002563373284,53.487031700288185
5,1.334459988125845,53.30275229357798,1.9796811908071492,52.96829971181556
5,1.3386348793969343,53.2967032967033,1.9663314519939334,53.31412103746398
5,1.3399887435334294,53.35923217550274,1.9650078708400374,53.0835734870317
5,1.3414340352345453,53.37591240875913,1.9719281355906193,53.0835734870317
5,1.3439691642985532,53.36976320582878,1.9830933695289945,52.680115273775215
5,1.345631002340662,53.40909090909091,1.9952684480199068,52.16138328530259
5,1.3494513115404467,53.35753176043557,1.9960297395556754,52.04610951008645
5,1.3517944803951603,53.37409420289855,1.9979662711169863,51.815561959654175
5,1.3543903600816665,53.390596745027125,1.99551547480069,51.527377521613836
5,1.3570487065338774,53.40703971119134,1.9947091156985903,51.642651296829975
5,1.3598340770719868,53.37837837837838,1.9970111786495155,51.527377521613836
5,1.3634019235835264,53.327338129496404,2.0039678371172345,51.757925072046106
5,1.3651279809247507,53.3213644524237,2.0080039122137605,51.815561959654175
5,1.368111741758491,53.31541218637993,2.017156385743673,51.642651296829975
5,1.369282570147985,53.30948121645796,2.034479721350604,51.35446685878963
5,1.370383027333178,53.348214285714285,2.05901679808643,51.29682997118156
5,1.3708156516481387,53.40909090909091,2.084063023466119,50.25936599423631
5,1.3730220756836629,53.42526690391459,2.1169982753041703,49.79827089337176
5,1.374549795275456,53.44138543516874,2.1306815584134395,49.85590778097983
5,1.3785766546467417,53.43528368794326,2.1171271104691765,50.25936599423631
5,1.3824091238214782,53.4070796460177,2.0915694066456387,50.893371757925074
5,1.3824988086756906,53.48939929328622,2.0830165407349988,51.23919308357349
5,1.3832665891239517,53.57142857142857,2.076878429557871,51.527377521613836
5,1.386582551739718,53.565140845070424,2.0822206870202096,51.46974063400577
5,1.3895123126475435,53.51493848857645,2.0722676768280945,51.4121037463977
5,1.3913883520584358,53.50877192982456,2.0711987491027553,51.46974063400577
5,1.3928348979667613,53.52451838879159,2.0831978249659735,51.18155619596542
5,1.3945249032817388,53.54020979020979,2.1134876628075876,50.54755043227666
5,1.3960226338944937,53.57766143106457,2.1569451148608865,49.39481268011527
5,1.3988033282913659,53.57142857142857,2.1789584082941853,49.279538904899134
5,1.4008138619755444,53.56521739130435,2.197206645791981,48.93371757925072
5,1.4036898940017348,53.55902777777778,2.2149570512881476,48.242074927953894
5,1.4065638608838382,53.552859618717505,2.2285350366122163,47.89625360230548
5,1.4081559131804267,53.56833910034602,2.2276091490473067,47.60806916426513
5,1.412331155177794,53.5405872193437,2.1725491917078394,47.83861671469741
5,1.414443297370484,53.55603448275862,2.132896257710347,48.70317002881844
5,1.4177944988796585,53.52839931153184,2.107035449298296,49.164265129682995
5,1.419264457492452,53.50085910652921,2.0789527906800194,49.62536023054755
5,1.4207371307831063,53.516295025728986,2.0672651328798812,50.31700288184438
5,1.4246962306530853,53.51027397260274,2.0409071802543606,50.43227665706052
5,1.4267603067191024,53.52564102564103,2.0269814992005926,50.54755043227666
5,1.429031223764545,53.54095563139932,2.0122675838009005,51.00864553314121
5,1.4307957033577718,53.534923339011925,2.0101340730344095,51.98847262247838
5,1.4328711080708,53.550170068027214,2.015887508881257,52.39193083573487
5,1.4349923203650274,53.52292020373515,2.0287351410509804,52.04610951008645
5,1.4373392670562393,53.53813559322034,2.0418029761259455,51.98847262247838
5,1.440070191574724,53.532148900169204,2.0486897949798863,51.757925072046106
5,1.4422407100859442,53.526182432432435,2.063338152411896,51.757925072046106
5,1.4438341455239998,53.54131534569983,2.0769508159655032,51.642651296829975
5,1.4470051079204207,53.514309764309765,2.0712359609417104,51.585014409221905
5,1.4509359539339417,53.445378151260506,2.0602356651411626,51.930835734870314
5,1.4538911939451569,53.439597315436245,2.0417157455523443,52.622478386167145
5,1.4563126759309517,53.45477386934673,2.0375586807178463,53.19884726224784
5,1.4586913423318613,53.44899665551839,2.0387523091883155,53.25648414985591
5,1.4626745773773444,53.38063439065108,2.048485796572426,52.96829971181556
5,1.4650094211885805,53.395833333333336,2.054009884595871,52.50720461095101
5,1.4682244656117338,53.369384359400996,2.0551414399103085,52.564841498559076
5,1.4699849760061816,53.38455149501661,2.058378675703629,52.79538904899135
5,1.4727336338476131,53.35820895522388,2.067164807001017,52.21902017291066
5,1.4775836079528457,53.33195364238411,2.052508064816075,52.50720461095101
5,1.4797523682838991,53.30578512396694,2.0271346661077665,53.0835734870317
5,1.4822096872486565,53.3003300330033,2.012048973191169,53.31412103746398
5,1.4835564334925853,53.31548599670511,2.0038576851242698,53.0835734870317
5,1.4860095285271344,53.28947368421053,2.003446716454721,52.85302593659942
5,1.4893142584907382,53.26354679802956,2.007441008420584,52.737752161383284
5,1.4919347639930876,53.25819672131148,2.011187366076878,52.44956772334294
5,1.4941560716221207,53.252864157119475,2.0182145990534313,51.46974063400577
5,1.496565186271542,53.247549019607845,2.0188752765754403,51.06628242074928
5,1.4996766814275793,53.242251223491024,2.0212613931998678,51.00864553314121
5,1.5034538591378614,53.21661237785016,2.008377851154398,51.29682997118156
5,1.5055266716762592,53.21138211382114,2.0015342462172705,51.46974063400577
5,1.5089472297775117,53.16558441558441,1.994128302769727,51.873198847262245
5,1.513419124405635,53.14019448946515,1.9911498814683906,51.873198847262245
5,1.5157456985429714,53.135113268608414,1.9936103237114744,52.39193083573487
5,1.5176001201334752,53.150242326332794,2.0064247817762437,52.27665706051873
5,1.520677578841385,53.16532258064516,2.0315892554922588,52.3342939481268
5,1.5238575556560567,53.11996779388084,2.0524373130040234,51.70028818443804
5,1.525196157082131,53.135048231511256,2.0789078796788845,51.585014409221905
5,1.5271768089187772,53.15008025682183,2.102136776606608,50.893371757925074
5,1.5309576385115322,53.125,2.1018088741511245,50.95100864553314
5,1.5327924791919558,53.14,2.0980490170041537,50.6628242074928
5,1.5348479996386328,53.134984025559106,2.0889808895401143,50.54755043227666
5,1.5376708624394317,53.12998405103668,2.0728893976332405,50.720461095100866
5,1.5406717916068278,53.125,2.0532461822307604,50.778097982708935
5,1.5433122654494487,53.10015898251192,2.0313323357138215,51.18155619596542
5,1.5466134630535777,53.095238095238095,2.0072534728434777,51.585014409221905
5,1.5500831516949753,53.09033280507131,1.9802598468444315,51.70028818443804
5,1.5509323300499664,53.14477848101266,1.9668586181330792,51.527377521613836
5,1.552186928297344,53.199052132701425,1.9615658036849466,51.35446685878963
5,1.553358478922593,53.23343848580441,1.9658443997807218,51.29682997118156
5,1.5566666581128772,53.20866141732284,1.967312257136068,51.527377521613836
5,1.557420355552121,53.2625786163522,1.9710874015010447,51.12391930835735
5,1.5602509710349535,53.2574568288854,1.982828744682848,51.23919308357349
5,1.561937639587804,53.291536050156736,1.9924233945833374,50.835734870317005
5,1.5651503688410708,53.286384976525824,1.996245829328414,51.06628242074928
5,1.5676763997266168,53.30078125,1.9927089390117452,50.720461095100866
5,1.5684274691500162,53.35413416536662,1.9877747212137495,50.95100864553314
5,1.5711266425879378,53.32943925233645,1.9746422281463025,51.4121037463977
5,1.576573390945008,53.265940902021775,1.9485909877010206,52.3342939481268
5,1.5783550277352334,53.26086956521739,1.9304974443077492,52.79538904899135
5,1.5814708363853003,53.25581395348837,1.92132458296789,52.96829971181556
5,1.5829079925229674,53.28947368421053,1.9222240588082695,53.429394812680115
5,1.584200121932908,53.32302936630603,1.9241703193857922,52.91066282420749
5,1.5849307449240433,53.37577160493827,1.92620812747885,52.96829971181556
5,1.5886247280396912,53.37057010785824,1.9215577931448062,53.19884726224784
5,1.5904050990154868,53.40384615384615,1.9194860211165818,53.25648414985591
5,1.5919804784812426,53.41781874039938,1.9187112695061117,53.71757925072046
5,1.593962017956533,53.45092024539877,1.9224324606805354,54.00576368876081
5,1.5948820758807032,53.48392036753446,1.927979011689463,53.71757925072046
5,1.5980499178171157,53.47859327217125,1.9206733748934786,53.8328530259366
5,1.5994297524816112,53.51145038167939,1.9184903061609664,53.487031700288185
5,1.601849378566993,53.52515243902439,1.9241066266040099,53.19884726224784
5,1.60349071229759,53.55783866057838,1.9254087050389583,52.96829971181556
5,1.6064332599702635,53.55243161094225,1.9268312691818184,53.31412103746398
5,1.60826793877702,53.547040971168435,1.930215128830501,53.429394812680115
5,1.6110277235507966,53.541666666666664,1.9320082674103398,53.371757925072046
5,1.6134828896898972,53.536308623298034,1.9330230923841625,53.429394812680115
5,1.6163011055243643,53.512084592145015,1.9342625779764993,53.371757925072046
5,1.6182305417562786,53.50678733031674,1.9421680878658998,52.737752161383284
5,1.6220073649757787,53.482680722891565,1.9497966861120566,52.622478386167145
5,1.6243450400076413,53.49624060150376,1.9555025838212483,52.79538904899135
5,1.6270082511399921,53.50975975975976,1.9885569839708266,52.27665706051873
5,1.628289802999873,53.523238380809595,2.0430948715056143,51.815561959654175
5,1.6317749330087712,53.499251497005986,2.088880082978631,51.00864553314121
5,1.6344744157634283,53.47533632286996,2.117156072421008,50.60518731988473
5,1.6366762196547107,53.48880597014925,2.111842285378188,50.778097982708935
5,1.6402028865720097,53.48360655737705,2.0449580055777377,51.70028818443804
5,1.6438495483053357,53.44122023809524,1.9885715606025836,52.50720461095101
5,1.647686858318354,53.39895988112927,1.9532171287294906,52.737752161383284
5,1.6508189704073102,53.39391691394659,1.936277750862359,53.02593659942363
5,1.6518330512078185,53.425925925925924,1.9352083270725566,52.85302593659942
5,1.6541797494417743,53.42085798816568,1.9396329351833888,53.19884726224784
5,1.6561385886449562,53.43426883308715,1.942903711636495,53.25648414985591
5,1.6587407159962153,53.42920353982301,1.9431689421427414,52.96829971181556
5,1.661532645554919,53.40574374079529,1.9357360580824488,53.14121037463977
5,1.6645823040290884,53.400735294117645,1.924650463777753,53.371757925072046
5,1.6660318755005534,53.43245227606461,1.915644900590044,53.25648414985591
5,1.6678198860664117,53.46407624633431,1.905364337742054,53.487031700288185
5,1.6713536208397464,53.440702781844806,1.8961909118061242,53.371757925072046
5,1.6736111343691225,53.453947368421055,1.8935932276710388,53.429394812680115
5,1.6765455629480512,53.448905109489054,1.8977930821856046,53.487031700288185
5,1.6777698937215304,53.498542274052475,1.9110068768125525,53.8328530259366
5,1.6801167905330658,53.493449781659386,1.9289124999452847,53.487031700288185
5,1.6828238443324441,53.47020348837209,1.9544465062530358,52.85302593659942
5,1.684940021602731,53.483309143686505,1.9807982691971389,51.98847262247838
5,1.688893697763744,53.42391304347826,1.9826106485408572,52.44956772334294
5,1.690924851361074,53.437047756874094,1.9733856174803,52.16138328530259
5,1.6936096650989432,53.41401734104046,1.9572553066064686,51.930835734870314
5,1.694927392351,53.44516594516595,1.9482028838676242,52.39193083573487
5,1.6972435108925168,53.440201729106626,1.9319679373145653,53.19884726224784
5,1.700101196922754,53.39928057553957,1.9266871174084976,53.544668587896254
5,1.7018856374840987,53.41235632183908,1.9418094296883877,52.79538904899135
5,1.7046299796355397,53.38952654232425,1.961590617071099,52.91066282420749
5,1.7075006394009842,53.36676217765043,1.9841552765413364,52.680115273775215
5,1.7096729628349605,53.36194563662375,2.0170579396085255,52.21902017291066
5,1.7134215478834354,53.357142857142854,2.055062113269683,51.930835734870314
5,1.7156653283458008,53.37018544935806,2.0950969924575173,51.12391930835735
5,1.7163074907111495,53.41880341880342,2.136134084468613,50.48991354466859
5,1.7184320631387986,53.43172119487909,2.160042496320839,50.25936599423631
5,1.7209409441994994,53.44460227272727,2.161595123704128,50.31700288184438
5,1.7246857766650225,53.40425531914894,2.1468827565144832,50.37463976945245
5,1.7284488001544225,53.39943342776204,2.083777542213141,51.06628242074928
5,1.7312271470694165,53.37694483734088,2.0289799051900066,51.98847262247838
5,1.7346450527639765,53.3545197740113,1.9842195679789865,53.0835734870317
5,1.7347382938195215,53.42031029619182,1.959328580287195,53.71757925072046
5,1.7381009551059259,53.41549295774648,1.9436846835547328,53.429394812680115
5,1.7408475067074363,53.41068917018284,1.9455353175440142,53.65994236311239
5,1.7423881495273428,53.44101123595506,1.9597832861309228,53.487031700288185
5,1.7459946760025464,53.418653576437585,1.9783708686652821,53.89048991354467
5,1.747851457309566,53.44887955182073,1.9814770731233782,53.65994236311239
5,1.7503032068476865,53.46153846153846,1.9876034096364052,53.429394812680115
5,1.7520375302551607,53.474162011173185,1.9940019266396625,53.487031700288185
5,1.7551941238539783,53.48675034867504,1.9936716350542236,53.371757925072046
5,1.7589100882214934,53.44707520891365,1.9813702589905207,53.25648414985591
5,1.759891137539556,53.49443671766342,1.9668532956031062,53.25648414985591
5,1.7618267513223385,53.52430555555556,1.9518178524234877,53.429394812680115
5,1.7635919596607748,53.536754507628295,1.936263689110356,53.65994236311239
5,1.7646814770408368,53.566481994459835,1.9282169369508595,54.236311239193085
5,1.7675451592983384,53.561549100968186,1.9256652524943725,53.89048991354467
5,1.7698914650827646,53.52209944751381,1.9260812599538109,53.8328530259366
5,1.7731221836452422,53.5,1.935149225359139,53.544668587896254
5,1.775387087993716,53.47796143250689,1.9484432276492845,53.19884726224784
5,1.778059765284783,53.43878954607978,1.958489966007971,52.96829971181556
5,1.780393818550204,53.434065934065934,1.963378573068276,53.02593659942363
5,1.7841689869565398,53.37791495198903,1.962888712707203,52.622478386167145
5,1.7864401049323773,53.39041095890411,1.9632072664350957,52.564841498559076
5,1.7885539510336361,53.38577291381669,1.964333432748021,52.91066282420749
5,1.7916885147557446,53.381147540983605,1.9609225300325226,53.31412103746398
5,1.7941857707147535,53.35948158253752,1.958412035544347,53.25648414985591
5,1.79810240698096,53.33787465940055,1.9538198951202603,53.0835734870317
5,1.800562041115604,53.333333333333336,1.9481759780013617,53.429394812680115
5,1.8013540455973462,53.37975543478261,1.946030265861942,53.65994236311239
5,1.8039538585629902,53.37516960651289,1.9501070696088025,53.371757925072046
5,1.8059529996035915,53.387533875338754,1.9521530818554662,53.31412103746398
5,1.8084324685954734,53.382949932341,1.9519715057814726,53.77521613832853
5,1.8105836438309206,53.41216216216216,1.9519076016366756,53.60230547550432
5,1.81292952030505,53.40755735492578,1.9545791098324385,53.487031700288185
5,1.816002884801281,53.402964959568735,1.9542197748537986,53.31412103746398
5,1.8167870794275873,53.4656796769852,1.9580191887468785,53.429394812680115
5,1.820552633604721,53.47782258064516,1.961683449382606,53.0835734870317
5,1.8224984917005427,53.48993288590604,1.9715729817267387,53.14121037463977
5,1.823834658747441,53.53552278820376,1.9817503979129176,52.91066282420749
5,1.8246423027821277,53.5809906291834,1.9970540098056266,53.0835734870317
5,1.8270678632941686,53.592914438502675,2.012805200804214,53.14121037463977
5,1.828695882758812,53.62149532710281,2.026613275850973,52.91066282420749
5,1.831357401119251,53.61666666666667,2.0380277087062186,52.737752161383284
5,1.8349388509792717,53.56191744340879,2.0371544624803253,52.96829971181556
5,1.838612505460256,53.523936170212764,2.0319865240204718,53.429394812680115
5,1.8408671750638046,53.50265604249668,2.0315944802376533,53.19884726224784
5,1.842126267893534,53.51458885941645,2.0256854196847307,53.371757925072046
5,1.8442956849736603,53.526490066225165,2.0236029776010644,53.544668587896254
5,1.8459436319964497,53.55489417989418,2.0245049369225305,53.65994236311239
5,1.8472332871862147,53.5667107001321,2.0282347478350187,53.89048991354467
5,1.847821007570938,53.611477572559366,2.0323405580311875,53.71757925072046
5,1.850964362037025,53.590250329380765,2.0296045039106625,54.00576368876081
5,1.8519864033515516,53.59789231022559,2.0246763513659554,54.12103746397695
6,0.0035354055856403554,25.0,2.092516398924287,52.50720461095101
6,0.00514198855349892,43.75,2.082934467748563,52.680115273775215
6,0.007814919321160567,50.0,2.07490732730259,52.91066282420749
6,0.010414347679991472,46.875,2.0651980880218717,53.65994236311239
6,0.01147580993802924,52.5,2.0610519296013265,53.8328530259366
6,0.014966820101988944,50.0,2.064378079730794,53.60230547550432
6,0.0167721804819609,51.785714285714285,2.0688648981982114,52.680115273775215
6,0.01962489266144602,53.125,2.071257055492445,52.39193083573487
6,0.021822082996368408,54.166666666666664,2.0746494023481272,51.930835734870314
6,0.025005808002070376,53.75,2.066903072018777,51.930835734870314
6,0.026665174333672773,55.68181818181818,2.048896175101056,52.16138328530259
6,0.028173194904076427,56.25,2.0263209337463026,52.50720461095101
6,0.03104980446790394,55.76923076923077,2.0027849990102005,53.14121037463977
6,0.034265959105993574,54.464285714285715,1.9861758432355345,53.544668587896254
6,0.03568614595814755,55.833333333333336,1.9825466088435617,53.94812680115274
6,0.03744244904894578,55.46875,1.9793986362246325,54.06340057636888
6,0.03999835378245303,54.411764705882355,1.9790262832619627,53.429394812680115
6,0.04219075284506145,54.861111111111114,1.9772600175872925,53.429394812680115
6,0.04399036388648184,55.26315789473684,1.9750708263315913,52.85302593659942
6,0.046299269638563456,55.0,1.9649606888195337,53.31412103746398
6,0.04940309524536133,54.166666666666664,1.9631049841779717,53.487031700288185
6,0.05042212479992917,55.68181818181818,1.9652270210503433,53.14121037463977
6,0.05273673393224415,55.43478260869565,1.9650007876382996,52.91066282420749
6,0.05423449466103002,56.770833333333336,1.963613561770883,52.85302593659942
6,0.057326223975733705,56.5,1.962611005465556,53.25648414985591
6,0.05847754854904978,57.21153846153846,1.959606816829075,53.65994236311239
6,0.060690319381262126,56.94444444444444,1.954263466157122,53.71757925072046
6,0.0615980116944564,58.035714285714285,1.9475294193639183,53.89048991354467
6,0.06404297398893456,57.758620689655174,1.939182409767731,54.40922190201729
6,0.06643105776686417,57.083333333333336,1.9338774152340428,54.293948126801155
6,0.06931754444774828,57.25806451612903,1.9324862892451924,54.40922190201729
6,0.07114669711966264,57.421875,1.937015579455459,54.87031700288185
6,0.07232089238731484,57.57575757575758,1.94811271110438,55.04322766570605
6,0.07392066411281886,57.720588235294116,1.957828771271464,54.92795389048992
6,0.07727747253681484,57.5,1.9700635847408101,54.178674351585016
6,0.07903332278916711,57.638888888888886,1.9757962531757793,54.293948126801155
6,0.08056432581261584,58.108108108108105,1.982087969093279,54.178674351585016
6,0.08349442082016091,57.56578947368421,1.9830343800206338,54.178674351585016
6,0.08498713115328237,58.01282051282051,1.987528934044772,53.77521613832853
6,0.08761225883897981,58.125,1.9925214760863836,53.60230547550432
6,0.08948139211064891,58.23170731707317,1.9996527432022007,52.96829971181556
6,0.09217635871548402,58.035714285714285,1.9969127310036514,53.0835734870317
6,0.09535874136184391,57.55813953488372,1.990376538670008,52.85302593659942
6,0.09662970280960986,57.67045454545455,1.9942863564337454,52.564841498559076
6,0.09846531662501787,57.77777777777778,1.996574314233894,52.96829971181556
6,0.09995893639953513,58.42391304347826,2.0028986911619864,53.60230547550432
6,0.10217171334906629,58.244680851063826,2.004535439102331,53.0835734870317
6,0.10390038921644813,57.8125,2.000243660903746,52.91066282420749
6,0.10554049038573315,57.6530612244898,1.9985874343302943,52.622478386167145
6,0.10828734502980583,57.5,1.9964475608366425,52.44956772334294
6,0.11111749089077899,57.35294117647059,1.9933044778586533,52.737752161383284
6,0.1127798802758518,57.69230769230769,1.9985753801835846,52.564841498559076
6,0.11559725035178034,57.54716981132076,2.0045979325123096,52.27665706051873
6,0.11775418982694023,57.407407407407405,2.01247542794399,51.815561959654175
6,0.12081125904070704,57.5,2.0086298247086836,51.46974063400577
6,0.12384734898805619,57.142857142857146,1.9920366332278274,51.757925072046106
6,0.12757704344234969,56.79824561403509,1.9751162222728202,52.10374639769452
6,0.13048223092367775,56.68103448275862,1.9738514871091886,51.98847262247838
6,0.13252296188944265,56.567796610169495,1.9847273137162906,52.10374639769452
6,0.1342380571522211,56.666666666666664,2.002365047343865,52.564841498559076
6,0.1350549885316899,57.17213114754098,2.0231071549901216,51.815561959654175
6,0.1367080750434022,57.25806451612903,2.0411858106813123,51.35446685878963
6,0.13795187896803807,57.53968253968254,2.042230665821084,51.815561959654175
6,0.14044364377071983,57.2265625,2.0325234941623176,51.815561959654175
6,0.1425156367452521,57.30769230769231,2.021487234924246,51.757925072046106
6,0.14573610519108018,56.81818181818182,2.016135292256483,52.04610951008645
6,0.14822826040418524,56.90298507462686,2.015292165740844,52.3342939481268
6,0.14923729182858217,57.35294117647059,2.0155849588631485,52.50720461095101
6,0.1503206661657283,57.427536231884055,2.0244668957000505,52.85302593659942
6,0.1523765911397181,57.32142857142857,2.0158232087913195,53.0835734870317
6,0.15481138284269133,57.21830985915493,2.0141714012018546,52.96829971181556
6,0.15687330545563447,57.291666666666664,2.009277056027118,53.19884726224784
6,0.1603202298283577,57.19178082191781,1.970449461571632,53.77521613832853
6,0.16231719059379476,57.0945945945946,1.9682826178689157,53.94812680115274
6,0.16423838789525785,57.0,1.9905481558241602,53.25648414985591
6,0.16682035836734269,57.07236842105263,2.0124540312498946,53.31412103746398
6,0.16989775809802507,56.81818181818182,2.040058191333498,53.371757925072046
6,0.17231301657463374,56.89102564102564,2.064563404030514,52.50720461095101
6,0.17515220351909336,56.64556962025316,2.066275879946722,52.622478386167145
6,0.17665154408467443,57.03125,2.0523024228860707,52.622478386167145
6,0.17743666877872066,57.25308641975309,2.0417207042742436,52.50720461095101
6,0.17771856459347826,57.77439024390244,2.034002313278787,52.85302593659942
6,0.1806341784957208,57.53012048192771,2.0123616969255806,53.371757925072046
6,0.18278907494325386,57.73809523809524,1.9888632474681749,54.351585014409224
6,0.18387862118451218,58.088235294117645,1.996821096965245,54.46685878962536
6,0.18701437103905175,57.848837209302324,2.0146992271808983,53.71757925072046
6,0.1890635826477879,57.758620689655174,2.042438565174006,53.31412103746398
6,0.19086650990341839,57.95454545454545,2.067970294831535,51.930835734870314
6,0.19344103716705974,57.86516853932584,2.087414875557895,51.527377521613836
6,0.1949324056114021,58.05555555555556,2.1051736533092464,51.06628242074928
6,0.19901444539427757,57.82967032967033,2.111830153772908,51.00864553314121
6,0.2015007253148054,57.744565217391305,2.0875219345642124,51.46974063400577
6,0.2038502276335892,57.795698924731184,2.0568134953624093,52.39193083573487
6,0.20651226016251664,57.579787234042556,2.022169245278231,53.25648414985591
6,0.20857191685783236,57.63157894736842,1.9909880113217138,53.77521613832853
6,0.2112943041089334,57.421875,1.9669135806197944,54.00576368876081
6,0.2145571172629532,57.345360824742265,1.950889142702252,54.236311239193085
6,0.21596330533686436,57.525510204081634,1.9483073342093675,54.40922190201729
6,0.21799970712316663,57.323232323232325,1.961759541166543,53.89048991354467
6,0.22049813541142563,57.375,1.9800225534746725,54.06340057636888
6,0.22260671277579508,57.42574257425743,1.9964184539933358,53.14121037463977
6,0.22405447508943707,57.47549019607843,2.0143525881976028,53.14121037463977
6,0.22670587665940586,57.16019417475728,2.0402028857288275,52.44956772334294
6,0.2294196507256282,57.09134615384615,2.0494347794264693,51.98847262247838
6,0.23310897620884996,56.904761904761905,2.0496643023556826,52.10374639769452
6,0.23411966307382834,57.193396226415096,2.0420146960816625,51.815561959654175
6,0.2351643732111705,57.35981308411215,2.0362534900689453,52.04610951008645
6,0.23761978953292495,57.407407407407405,2.0346958693546084,52.10374639769452
6,0.24142918763192076,57.11009174311926,2.039752162546606,51.70028818443804
6,0.24498341291358597,56.93181818181818,2.025491538135687,51.930835734870314
6,0.24681163763529376,56.98198198198198,2.027473369639041,52.10374639769452
6,0.24858481119337836,57.142857142857146,2.0305361652978555,52.16138328530259
6,0.250228222616409,57.30088495575221,2.0421002448154484,52.21902017291066
6,0.2514731231880815,57.34649122807018,2.0619085269040225,52.16138328530259
6,0.2538834227150992,57.5,2.0807788426974954,51.46974063400577
6,0.255378802552035,57.543103448275865,2.091157206055206,51.46974063400577
6,0.2580036336261975,57.47863247863248,2.1000968313986257,50.95100864553314
6,0.2597747942726863,57.521186440677965,2.0805923028201003,51.815561959654175
6,0.2620450580198514,57.45798319327731,2.0642098737751833,51.930835734870314
6,0.2647967014265688,57.291666666666664,2.0513899833101283,51.98847262247838
6,0.2664564300916697,57.43801652892562,2.028053045272827,52.04610951008645
6,0.2678166356918059,57.58196721311475,2.004048285121742,52.3342939481268
6,0.27050477097693243,57.520325203252035,1.9908755111254854,52.680115273775215
6,0.2736915395840218,57.358870967741936,1.9958667729032753,51.873198847262245
6,0.27491872079278296,57.4,2.00465763713907,51.4121037463977
6,0.27569106483930034,57.638888888888886,2.020962442395874,51.18155619596542
6,0.2783972763309353,57.48031496062992,2.0448288451966055,50.6628242074928
6,0.2804048752706302,57.421875,2.078472048730894,50.95100864553314
6,0.28265482104922596,57.36434108527132,2.0959115585973187,50.893371757925074
6,0.2839752212558922,57.5,2.0989547907482096,50.778097982708935
6,0.2846334363677,57.729007633587784,2.1020635446095794,50.95100864553314
6,0.28658104746749524,57.67045454545455,2.079068173323908,50.893371757925074
6,0.2879926358790774,57.70676691729323,2.0587224053210376,51.06628242074928
6,0.2888558116006224,57.92910447761194,2.0325027959687367,51.98847262247838
6,0.291612071543932,57.77777777777778,2.024249644598104,52.27665706051873
6,0.2921408444250885,57.99632352941177,2.032282500635094,52.27665706051873
6,0.29488664030244477,57.846715328467155,2.037873454288953,52.04610951008645
6,0.2960230910856473,57.971014492753625,2.0296904942544374,52.44956772334294
6,0.2968702946446444,58.093525179856115,2.0452842967164133,52.3342939481268
6,0.29843639021641327,58.125,2.0705604896567382,52.04610951008645
6,0.3003367556945274,58.156028368794324,2.107004883514571,51.642651296829975
6,0.3038162678088013,58.01056338028169,2.1154256713005806,51.70028818443804
6,0.3067661895171592,57.77972027972028,2.1042158914051847,52.16138328530259
6,0.30962427740818577,57.72569444444444,2.0886534981189238,51.815561959654175
6,0.31074309243183384,57.8448275862069,2.075900144978053,51.29682997118156
6,0.3127103881224206,57.96232876712329,2.0490967466534555,51.29682997118156
6,0.3134253245043127,58.16326530612245,2.0254414312301146,52.04610951008645
6,0.31527737979041903,58.277027027027025,2.0105066365360664,52.44956772334294
6,0.31790099885118633,58.22147651006711,1.9940559402588875,52.564841498559076
6,0.32031988552526425,58.083333333333336,1.9801476516756593,52.96829971181556
6,0.32271259336879377,58.02980132450331,1.9706859551541815,53.31412103746398
6,0.32417043294561537,58.05921052631579,1.9674912625194145,53.89048991354467
6,0.327402261723029,58.00653594771242,1.972862319188184,54.06340057636888
6,0.3287266024241322,58.035714285714285,1.9872388988046603,54.351585014409224
6,0.3308187204364099,58.145161290322584,1.9996618577686873,53.89048991354467
6,0.3328952250119887,58.17307692307692,2.0196825794635282,53.487031700288185
6,0.3339957013334099,58.28025477707006,2.0345600137512805,53.371757925072046
6,0.3354567600316123,58.38607594936709,2.04421760890341,52.91066282420749
6,0.336765836689033,58.411949685534594,2.05595629844248,52.737752161383284
6,0.33995224704083643,58.359375,2.039813855139341,53.371757925072046
6,0.3436288133655724,58.07453416149068,1.996587598653433,54.06340057636888
6,0.34719230215016167,58.02469135802469,1.9715859000721285,54.52449567723343
6,0.3486778130264659,58.0521472392638,1.9584535479820269,54.46685878962536
6,0.35029634076513744,58.15548780487805,1.9531442745490009,53.89048991354467
6,0.3509193726668232,58.333333333333336,1.9620858414381879,53.31412103746398
6,0.35319618272938225,58.35843373493976,1.9752735682346854,53.429394812680115
6,0.3551470278517196,58.383233532934135,1.99553219582628,53.19884726224784
6,0.3573805155330583,58.333333333333336,2.027299775231269,52.27665706051873
6,0.3583224594200912,58.505917159763314,2.0564723987183813,51.585014409221905
6,0.36018223052746373,58.529411764705884,2.077323305167361,51.18155619596542
6,0.36215220152547484,58.55263157894737,2.080789454933685,51.4121037463977
6,0.36432466189327994,58.502906976744185,2.0820761262546488,51.4121037463977
6,0.3656448694828309,58.52601156069364,2.098967565369496,51.35446685878963
6,0.36734660091368776,58.548850574712645,2.0959724043646166,51.70028818443804
6,0.3694758532470778,58.57142857142857,2.0998251898222806,51.46974063400577
6,0.37185094227132043,58.52272727272727,2.095702507666179,51.815561959654175
6,0.3735127351393825,58.61581920903955,2.092724454979743,51.98847262247838
6,0.3758548064843604,58.6376404494382,2.099306423405898,51.930835734870314
6,0.37857458869877614,58.589385474860336,2.110392369570271,51.527377521613836
6,0.38114605871470353,58.541666666666664,2.1144708658693023,51.873198847262245
6,0.382508481921334,58.63259668508287,2.1220133131550205,51.873198847262245
6,0.3848824139880507,58.58516483516483,2.127394144573519,51.930835734870314
6,0.38724079159529584,58.60655737704918,2.1183707884379794,51.930835734870314
6,0.3899046175966137,58.62771739130435,2.1007748509881683,52.10374639769452
6,0.3927357171319033,58.513513513513516,2.10199495875341,52.44956772334294
6,0.3949979217036774,58.534946236559136,2.113144317942281,52.680115273775215
6,0.3982619197352936,58.48930481283423,2.1205195972721698,52.04610951008645
6,0.4005517807053892,58.444148936170215,2.1256941118822668,51.815561959654175
6,0.4026216755964254,58.3994708994709,2.1568994666299512,51.4121037463977
6,0.40546871059035,58.421052631578945,2.1887269574925647,50.54755043227666
6,0.40696785179407974,58.44240837696335,2.2297661606617236,49.971181556195965
6,0.40862570056005526,58.528645833333336,2.264281097095683,49.62536023054755
6,0.41039656992805634,58.54922279792746,2.282616851241907,49.68299711815562
6,0.4138172729627082,58.50515463917526,2.2585212115867894,49.56772334293948
6,0.41567600224363177,58.46153846153846,2.2271026334454938,49.68299711815562
6,0.4183376652237616,58.35459183673469,2.1804611529073408,50.25936599423631
6,0.4202232046739051,58.3756345177665,2.144030672888602,50.60518731988473
6,0.4224815647460912,58.39646464646464,2.1259055464498458,50.778097982708935
6,0.42515359799328606,58.35427135678392,2.1044645979657153,51.06628242074928
6,0.4267581732257416,58.4375,2.0882221277683013,51.06628242074928
6,0.4310698725283146,58.3955223880597,2.0547490737954592,51.757925072046106
6,0.4330344819316739,58.415841584158414,2.0327271629588397,51.46974063400577
6,0.435081246299179,58.435960591133004,2.0164665982195857,51.873198847262245
6,0.43628701548043053,58.5171568627451,2.012448383778471,52.21902017291066
6,0.4393315972074082,58.53658536585366,2.006866968721838,52.21902017291066
6,0.4413690433298287,58.55582524271845,2.007687072600088,52.10374639769452
6,0.44282878649077917,58.57487922705314,2.0139128329567098,51.930835734870314
6,0.4448259947723464,58.59375,2.0064909389491454,51.815561959654175
6,0.4451398001885728,58.73205741626794,2.0034399808551857,51.815561959654175
6,0.4496522215832221,58.51190476190476,2.000710181239563,51.98847262247838
6,0.45239586949740584,58.47156398104266,2.006431232124979,51.35446685878963
6,0.4547394469576447,58.431603773584904,2.015613226297264,51.00864553314121
6,0.45641288422048093,58.509389671361504,2.0159467267825306,51.00864553314121
6,0.4596038395833028,58.4696261682243,2.009603317294802,51.757925072046106
6,0.4618034671207792,58.48837209302326,2.0063469506079152,51.815561959654175
6,0.46426912775557294,58.3912037037037,1.999041151753219,52.50720461095101
6,0.46803666864962956,58.23732718894009,1.991519225769878,53.19884726224784
6,0.4694547291845083,58.31422018348624,1.9858876620569537,53.65994236311239
6,0.4713722030779249,58.333333333333336,1.982718869563072,53.371757925072046
6,0.47401310576027944,58.23863636363637,1.9767616766114389,53.71757925072046
6,0.47579681522359973,58.31447963800905,1.971010967745759,54.178674351585016
6,0.4789836970795142,58.277027027027025,1.9693744336405108,54.351585014409224
6,0.4811911111795589,58.23991031390135,1.974547715231021,54.293948126801155
6,0.4830847582730808,58.203125,1.9732648363585845,54.12103746397695
6,0.48544697410574084,58.22222222222222,1.9654637906133854,54.52449567723343
6,0.48772943139468367,58.1858407079646,1.956428500295784,54.75504322766571
6,0.4900571215505663,58.20484581497797,1.9481172499843458,54.63976945244957
6,0.4921749100285141,58.16885964912281,1.93888721000489,54.40922190201729
6,0.49445502673716923,58.18777292576419,1.9306828055513618,54.40922190201729
6,0.4969936677695889,58.15217391304348,1.928080792869291,54.46685878962536
6,0.498468825946513,58.22510822510822,1.9271101463362919,54.236311239193085
6,0.5001016142533014,58.297413793103445,1.942167928759953,54.178674351585016
6,0.5013907364520588,58.42274678111588,1.9592238197678244,53.65994236311239
6,0.5025941854440852,58.547008547008545,1.9524844533287435,53.487031700288185
6,0.5055830565918433,58.51063829787234,1.9338009519511103,53.65994236311239
6,0.5076717053000864,58.527542372881356,1.9251242186616642,53.544668587896254
6,0.5089887406677007,58.59704641350211,1.9227352169801564,53.487031700288185
6,0.5119926867712485,58.5609243697479,1.9258849322795868,53.02593659942363
6,0.516424444572706,58.47280334728033,1.91763865192365,53.544668587896254
6,0.5177715589537433,58.489583333333336,1.912917952521056,53.371757925072046
6,0.5192328518354579,58.50622406639004,1.9104145777664976,53.25648414985591
6,0.5226972626424149,58.47107438016529,1.9106953539606613,53.371757925072046
6,0.523667802406769,58.48765432098765,1.909484266273437,53.487031700288185
6,0.5257745301448985,58.45286885245902,1.9116436392755551,53.89048991354467
6,0.5277621053747441,58.52040816326531,1.9152476679070205,54.178674351585016
6,0.5292149289069992,58.58739837398374,1.9217381390833086,53.8328530259366
6,0.5314440450582065,58.55263157894737,1.9317403707636116,53.25648414985591
6,0.5331316101903978,58.618951612903224,1.942062829221998,52.91066282420749
6,0.5352994286112095,58.53413654618474,1.9433935893021421,52.85302593659942
6,0.537667062192371,58.55,1.9456821218613656,52.96829971181556
6,0.53986017807926,58.51593625498008,1.9484995343306097,53.14121037463977
6,0.5431906255648324,58.482142857142854,1.9481862937937136,53.25648414985591
6,0.544126505385104,58.59683794466403,1.9529209729575892,53.371757925072046
6,0.547413704054136,58.51377952755905,1.9585606135118943,53.02593659942363
6,0.5501967421683825,58.48039215686274,1.9682552588562812,53.14121037463977
6,0.5555780728592684,58.30078125,1.971526716024645,52.680115273775215
6,0.5577031145950682,58.31712062256809,1.9631951388126145,52.91066282420749
6,0.5604245946007339,58.236434108527135,1.9489032003324702,53.31412103746398
6,0.5619354603517996,58.3011583011583,1.9385336360761098,53.65994236311239
6,0.5649248158657237,58.22115384615385,1.925366857702831,53.71757925072046
6,0.566568929368728,58.28544061302682,1.9145873252834593,54.06340057636888
6,0.5701004691225918,58.30152671755725,1.9139235362341875,54.293948126801155
6,0.5704076200919715,58.460076045627375,1.9201663834158726,53.8328530259366
6,0.5716834304560172,58.52272727272727,1.9292999829427437,53.8328530259366
6,0.5740380528137872,58.58490566037736,1.9402390180782239,53.371757925072046
6,0.576020389736483,58.55263157894737,1.9528204982731199,53.25648414985591
6,0.5781360343294708,58.61423220973783,1.9637659880148102,53.19884726224784
6,0.5796987208292672,58.67537313432836,1.9764871085019704,53.429394812680115
6,0.5805083527572845,58.78252788104089,1.9904381889626728,53.487031700288185
6,0.5830279468117576,58.7037037037037,1.9934710000517182,53.60230547550432
6,0.5845573994870249,58.71771217712177,1.9918375640146193,53.19884726224784
6,0.5857158454821298,58.8235294117647,1.9885752408460537,53.25648414985591
6,0.5879632464561023,58.79120879120879,1.9792888062890224,53.429394812680115
6,0.5903089039615894,58.80474452554745,1.960088980362712,53.60230547550432
6,0.5925157976189727,58.81818181818182,1.9496084707123893,54.06340057636888
6,0.5946120548601214,58.83152173913044,1.9464850542457421,54.06340057636888
6,0.5978660612710213,58.79963898916967,1.9500095189167057,53.89048991354467
6,0.5998611811940607,58.81294964028777,1.9651580881413226,53.31412103746398
6,0.6022329602782663,58.736559139784944,1.985808450230805,53.371757925072046
6,0.603581878640934,58.75,2.0132997972624644,52.680115273775215
6,0.6056077559723666,58.718861209964416,2.0353092979725607,52.3342939481268
6,0.6065940721450668,58.8209219858156,2.0554151603703126,51.873198847262245
6,0.6078059503318448,58.87809187279152,2.0875353195150876,51.585014409221905
6,0.6094360294506738,58.846830985915496,2.119207550578403,51.35446685878963
6,0.6107378804566045,58.90350877192982,2.145292089144755,50.37463976945245
6,0.6129635599294775,58.87237762237762,2.145116868656352,50.14409221902017
6,0.6155772137210558,58.88501742160279,2.1242181871618544,50.60518731988473
6,0.6200131560822851,58.767361111111114,2.050796669749071,51.12391930835735
6,0.621319935137504,58.86678200692042,2.015019337702457,52.04610951008645
6,0.6224435044942718,58.96551724137931,2.0011225802832486,52.50720461095101
6,0.6258187508308574,58.891752577319586,1.9974404256190024,52.04610951008645
6,0.6279621275828073,58.946917808219176,1.9968668369378912,51.815561959654175
6,0.6289222043007612,59.00170648464164,1.9951839407193497,52.21902017291066
6,0.6321590502207216,58.97108843537415,1.994847681253187,52.27665706051873
6,0.6349658012586205,58.940677966101696,1.994362537899325,52.622478386167145
6,0.6368530096388176,58.910472972972975,1.9939335860689664,52.79538904899135
6,0.6393926488921831,58.88047138047138,1.9859583726676378,52.91066282420749
6,0.640496804780866,58.93456375838926,1.9679718922634828,53.02593659942363
6,0.6412623282521963,58.98829431438127,1.956959015900089,53.60230547550432
6,0.6430299466573879,59.0,1.9503751623740393,53.429394812680115
6,0.6442356017271155,59.053156146179404,1.9508459970423704,53.60230547550432
6,0.6476757233276179,58.9817880794702,1.9490266925728266,53.544668587896254
6,0.6504730731444923,58.91089108910891,1.9457741125662755,53.77521613832853
6,0.6526978712528944,58.88157894736842,1.945734487975248,54.00576368876081
6,0.6539641237768687,58.9344262295082,1.9421187769707446,53.8328530259366
6,0.6567690123264727,58.8235294117647,1.9346813695496679,53.77521613832853
6,0.6589460614676538,58.83550488599349,1.9293110354155438,53.77521613832853
6,0.6618326538683552,58.80681818181818,1.9237384058638103,53.77521613832853
6,0.6637330121311702,58.859223300970875,1.9188672848011492,53.8328530259366
6,0.6655202574047603,58.87096774193548,1.9159350941807443,53.8328530259366
6,0.6686936121433973,58.80225080385852,1.911801706398687,53.89048991354467
6,0.6704731910048347,58.81410256410256,1.9149348735809326,53.89048991354467
6,0.6727455377774804,58.825878594249204,1.9231751688889094,53.8328530259366
6,0.6751306088543252,58.83757961783439,1.932768854265389,54.00576368876081
6,0.6773257473777784,58.80952380952381,1.9358366269120424,54.06340057636888
6,0.6803005342616847,58.74208860759494,1.927907691161204,54.12103746397695
6,0.6821664128060404,58.714511041009466,1.9210599663620171,54.178674351585016
6,0.6832052716495175,58.765723270440255,1.917047181986444,54.00576368876081
6,0.6868662359879205,58.69905956112853,1.9171404396334002,53.71757925072046
6,0.6880546538649421,58.7890625,1.918755353595804,53.71757925072046
6,0.6894731236327636,58.83956386292835,1.9178230592182703,53.89048991354467
6,0.6922014647604604,58.850931677018636,1.9164663744137584,53.371757925072046
6,0.6955282757352842,58.862229102167184,1.9188295054820277,53.25648414985591
6,0.6966937463730574,58.91203703703704,1.9231049411582508,53.14121037463977
6,0.6983497215140807,58.96153846153846,1.9324219862711594,53.0835734870317
6,0.6989687275925749,59.04907975460123,1.9384288340120273,52.680115273775215
6,0.7009141977876425,59.059633027522935,1.942433384431672,52.680115273775215
6,0.7027125141534366,59.07012195121951,1.9372786473019332,53.02593659942363
6,0.7045844497845362,59.08054711246201,1.9338247526076533,53.371757925072046
6,0.7062625316608894,59.09090909090909,1.9380928854788504,53.371757925072046
6,0.7078776451513955,59.101208459214504,1.9494181161377286,53.0835734870317
6,0.7094337930216601,59.11144578313253,1.962108137420795,52.79538904899135
6,0.7105220507830381,59.15915915915916,1.9833181059580245,52.96829971181556
6,0.7122860201291348,59.131736526946106,2.0122894809542715,52.680115273775215
6,0.7145340174632637,59.14179104477612,2.0532023777610147,52.44956772334294
6,0.7158514095176207,59.188988095238095,2.110768090332708,51.815561959654175
6,0.7183009643499788,59.16172106824926,2.1544781031971154,50.48991354466859
6,0.7205680314059321,59.09763313609467,2.1741608664187417,50.37463976945245
6,0.7234639666778476,59.107669616519175,2.199721421239563,49.971181556195965
6,0.7267150668917518,59.11764705882353,2.1775257657475184,50.37463976945245
6,0.7301061831218632,59.01759530791789,2.0979468021799343,51.35446685878963
6,0.7340199847166475,58.9546783625731,2.0312736472501185,52.85302593659942
6,0.7369435768574476,58.89212827988338,1.9817642789282557,53.89048991354467
6,0.7385452046402191,58.90261627906977,1.953898796425437,53.94812680115274
6,0.7409203298978115,58.91304347826087,1.9368964925339693,54.40922190201729
6,0.7419885549302164,58.99566473988439,1.9400458688834845,54.236311239193085
6,0.7427084107344087,59.04178674351585,1.9557399990097168,54.06340057636888
6,0.7443848437580624,59.12356321839081,1.9731674339914103,53.487031700288185
6,0.7463001403565469,59.097421203438394,1.9862370904414886,53.19884726224784
6,0.7485273842944911,59.107142857142854,2.0074769263992662,52.96829971181556
6,0.7518460535885472,59.116809116809115,2.0030304612377274,52.79538904899135
6,0.7539307600769557,59.09090909090909,1.999402434183156,52.79538904899135
6,0.756303477150045,59.10056657223796,1.996557973496925,52.622478386167145
6,0.7580582614203817,59.1454802259887,1.997712958930275,52.564841498559076
6,0.7605676475520197,59.15492957746479,2.007474389356402,52.44956772334294
6,0.7621551440146409,59.16432584269663,2.0150815142052516,52.622478386167145
6,0.7646138340430825,59.103641456582636,2.0202902120791273,52.91066282420749
6,0.7664941941633037,59.14804469273743,2.041746217602958,52.27665706051873
6,0.7708484631031751,59.08774373259053,2.046695995234674,52.04610951008645
6,0.7739058262619533,59.0625,2.0426383649561264,51.4121037463977
6,0.7757858500864945,59.07202216066482,2.044285040571942,51.06628242074928
6,0.7799123555617897,59.04696132596685,2.049509693675327,51.00864553314121
6,0.7808274217538144,59.12534435261708,2.045905204137899,51.35446685878963
6,0.7820547839724704,59.168956043956044,2.0500407394725606,51.06628242074928
6,0.7832766562896339,59.24657534246575,2.029390421468541,51.4121037463977
6,0.7868918125762752,59.15300546448088,2.008634399708515,51.98847262247838
6,0.7884155755176356,59.19618528610354,1.9919805047424157,52.39193083573487
6,0.7912908753478214,59.171195652173914,1.9822260881623914,52.21902017291066
6,0.7928921113084806,59.18021680216802,1.979690254558616,52.21902017291066
6,0.7948269663868766,59.1554054054054,1.967721725801169,52.564841498559076
6,0.7972919330981217,59.13072776280323,1.9635438603190234,53.19884726224784
6,0.8016873443009038,59.038978494623656,1.9405909052916936,52.91066282420749
6,0.8034602734799448,59.048257372654156,1.9265153892853293,52.85302593659942
6,0.8064250957220793,58.99064171122995,1.9323372607406932,52.622478386167145
6,0.8086893579089328,59.0,1.939261178129829,52.680115273775215
6,0.8105113316719469,58.976063829787236,1.9457710110646789,52.44956772334294
6,0.8125739353463838,58.95225464190982,1.9568529664646095,51.930835734870314
6,0.8155547228494757,58.895502645502646,1.964774394914302,52.04610951008645
6,0.8162365512040101,59.00395778364116,1.9676024584176903,51.815561959654175
6,0.8180747595468634,59.078947368421055,1.971187916356847,51.642651296829975
6,0.8197630720899294,59.08792650918635,1.9840786829247452,51.757925072046106
6,0.8227020977555137,59.031413612565444,1.9919613947242087,51.642651296829975
6,0.8256189467287377,58.97519582245431,1.996735411717595,51.642651296829975
6,0.8276778455039389,58.951822916666664,1.9997919579530092,51.98847262247838
6,0.8301747700297519,58.92857142857143,2.0029447596468684,52.21902017291066
6,0.8323178567580487,58.90544041450777,2.0058646487750216,52.21902017291066
6,0.8346741193415304,58.882428940568474,2.0069025759048724,52.3342939481268
6,0.8361404334440043,58.92396907216495,2.001802953981584,52.39193083573487
6,0.8384285748200981,58.901028277634964,1.9857218619865207,53.02593659942363
6,0.8399191776584638,58.94230769230769,1.977222820306154,53.25648414985591
6,0.8416640697537284,58.95140664961637,1.966550747919742,53.60230547550432
6,0.8442167679142011,58.96045918367347,1.955717165486604,53.77521613832853
6,0.8458295237272978,58.93765903307888,1.9490842707970175,54.236311239193085
6,0.8490457448716227,58.88324873096447,1.9463538984823887,53.94812680115274
6,0.8510191153734923,58.892405063291136,1.9403563698041275,53.71757925072046
6,0.8526555205842382,58.869949494949495,1.934442209071278,53.89048991354467
6,0.8540958927061997,58.87909319899244,1.930857709613264,54.00576368876081
6,0.8566462844806282,58.85678391959799,1.933058598623847,53.544668587896254
6,0.8596653419301699,58.80325814536341,1.9318290712646624,53.77521613832853
6,0.8613543131045605,58.8125,1.9226828010126193,53.65994236311239
6,0.8632444428966234,58.85286783042394,1.9169343575354545,53.487031700288185
6,0.8666058120170707,58.799751243781095,1.9065691684522936,53.429394812680115
6,0.8692635636776685,58.7468982630273,1.8937523436436456,53.487031700288185
6,0.8713468228711894,58.756188118811885,1.8840892795593507,53.487031700288185
6,0.8719372855793489,58.858024691358025,1.8805632776653711,54.12103746397695
6,0.8729760753284944,58.95935960591133,1.8815813738904241,54.63976945244957
6,0.8761685989208912,58.937346437346434,1.8892023189825946,54.5821325648415
6,0.8781841061421131,58.884803921568626,1.8927823928644032,54.5821325648415
6,0.8806092610288607,58.83251833740831,1.88844975142435,54.92795389048992
6,0.8819215757086089,58.84146341463415,1.8911745430137705,54.87031700288185
6,0.883110460070403,58.85036496350365,1.8997485093806745,54.92795389048992
6,0.8854676493492566,58.76820388349515,1.9025742502256473,54.87031700288185
6,0.8869928812314021,58.80750605326877,1.8893172301455028,54.87031700288185
6,0.888219156135854,58.84661835748792,1.885158668190653,54.5821325648415
6,0.8903757227682754,58.855421686746986,1.8854443450127878,54.63976945244957
6,0.8917761621310523,58.89423076923077,1.8892165381238208,54.87031700288185
6,0.8931671160420305,58.932853717026376,1.886841274626244,55.216138328530256
6,0.8946713060728814,58.97129186602871,1.8863567956444305,55.5043227665706
6,0.8955762858257482,59.03937947494033,1.887184604178376,55.67723342939481
6,0.8975719163096265,59.07738095238095,1.8910367409205107,55.85014409221902
6,0.8985581382128753,59.11520190023753,1.9032031654762234,55.67723342939481
6,0.9009709234104345,59.093601895734594,1.9165405257506305,55.67723342939481
6,0.9025547753627363,59.13120567375886,1.9328317903153907,55.90778097982709
6,0.9032117508940006,59.1686320754717,1.9495452708362984,55.90778097982709
6,0.9049222122093564,59.1764705882353,1.9553533478678646,56.2536023054755
6,0.9066231781910908,59.15492957746479,1.9610887988371783,56.138328530259365
6,0.9091078580406151,59.104215456674474,1.9740069020316349,56.31123919308357
6,0.9117827331745311,59.08294392523364,1.9884489151189952,56.195965417867434
6,0.9133798278672131,59.12004662004662,1.9922781064763047,56.080691642651296
6,0.9147140817618684,59.127906976744185,2.0041259165321077,55.273775216138326
6,0.9183826409868504,59.077726218097446,1.9959323952824288,54.985590778097986
6,0.9213778214431123,59.05671296296296,1.9890973076292997,54.63976945244957
6,0.9239757552939026,59.03579676674365,1.9728345802989424,54.87031700288185
6,0.9256937322844015,59.014976958525345,1.9596323028275495,54.63976945244957
6,0.9280679970391487,59.02298850574713,1.9543883843768028,54.63976945244957
6,0.9307295304576033,59.03096330275229,1.9595416844715172,54.351585014409224
6,0.9321503564911453,59.038901601830666,1.9605560680413576,53.65994236311239
6,0.9334933779153385,59.07534246575342,1.961451814471302,53.19884726224784
6,0.9349396869736283,59.054669703872435,1.9615992043974213,53.19884726224784
6,0.9381569229654576,59.00568181818182,1.9591818159351702,52.737752161383284
6,0.9395713306767376,59.01360544217687,1.962855876728137,52.564841498559076
6,0.9417992476766047,58.96493212669683,1.9477750643881784,53.14121037463977
6,0.9433648133944524,59.00112866817156,1.9250811374132535,53.8328530259366
6,0.9447590221895983,59.009009009009006,1.9148709145009792,54.236311239193085
6,0.9451468544767091,59.10112359550562,1.9134360176901664,54.5821325648415
6,0.9470175845254408,59.10874439461883,1.911943641538444,54.985590778097986
6,0.947463492088412,59.17225950782998,1.9170047371618208,54.12103746397695
6,0.9512256124105892,59.095982142857146,1.9221408450933095,54.46685878962536
6,0.9519619731330557,59.15924276169265,1.9296060188025372,54.63976945244957
6,0.953940526415643,59.166666666666664,1.9366221651778244,54.81268011527378
6,0.956836163350626,59.146341463414636,1.94129067988989,54.81268011527378
6,0.957712491464458,59.209070796460175,1.9514357421530006,54.293948126801155
6,0.9586537022143602,59.271523178807946,1.9562232539675752,54.69740634005764
6,0.9605972212984374,59.27863436123348,1.9580060128929428,55.04322766570605
6,0.9624850032949134,59.285714285714285,1.9608074418410728,54.75504322766571
6,0.9641790658039482,59.32017543859649,1.9715306328326327,54.63976945244957
6,0.9660698661482647,59.32713347921226,1.9820737509134179,54.46685878962536
6,0.9668783691172537,59.38864628820961,2.000725386810193,54.40922190201729
6,0.9704829132674556,59.34095860566449,2.0057814959694165,54.351585014409224
6,0.9715777773410081,59.375,2.010070110795685,54.52449567723343
6,0.975176619208957,59.35466377440347,2.006379030473221,54.52449567723343
6,0.9780482847243548,59.307359307359306,2.0054677928098337,54.293948126801155
6,0.9801591094975409,59.28725701943844,1.994856923887257,54.12103746397695
6,0.9818360924524696,59.321120689655174,1.9941636106934966,54.06340057636888
6,0.9833173566546879,59.354838709677416,2.00016392657559,53.71757925072046
6,0.9849643625515072,59.36158798283262,2.002797886317227,53.31412103746398
6,0.9877374416707377,59.34154175588865,1.998372599688543,53.8328530259366
6,0.989191796258092,59.348290598290596,1.992080834329403,54.00576368876081
6,0.990769538106887,59.3816631130064,1.9939794278089902,53.65994236311239
6,0.9936771408311631,59.361702127659576,1.9992113073575333,52.96829971181556
6,0.9960036503445161,59.368365180467094,2.008911913990425,52.737752161383284
6,0.9978061315064367,59.34851694915254,2.0293884422921913,52.27665706051873
6,1.001288150780295,59.30232558139535,2.0318224307853505,52.27665706051873
6,1.002148212864995,59.36181434599156,2.0384265148694616,51.930835734870314
6,1.0041133168300516,59.36842105263158,2.040136061231112,51.98847262247838
6,1.0049085379235054,59.42752100840336,2.033593103632949,52.44956772334294
6,1.0080795119271466,59.38155136268344,2.0288482668213033,52.44956772334294
6,1.0109747943713476,59.36192468619247,1.9995931947286227,53.25648414985591
6,1.0137884137465765,59.316283924843425,1.972588801988259,53.429394812680115
6,1.016195653516211,59.270833333333336,1.956294758940622,53.60230547550432
6,1.0178048637940695,59.303534303534306,1.9466886873344122,54.178674351585016
6,1.0188277962764627,59.33609958506224,1.9515372060136311,54.00576368876081
6,1.0209704329896914,59.34265010351967,1.9619186559031088,54.351585014409224
6,1.0227539670898727,59.349173553719005,1.9769352244616654,53.8328530259366
6,1.0240881706342886,59.355670103092784,1.988942827085196,53.77521613832853
6,1.02680501590826,59.36213991769547,1.9957253243516666,53.371757925072046
6,1.028380236010018,59.36858316221766,2.006818758727219,53.429394812680115
6,1.02906703641148,59.42622950819672,2.013022523047188,53.02593659942363
6,1.0310470064023607,59.40695296523517,2.0126454920812686,53.429394812680115
6,1.0334842955399501,59.41326530612245,2.0050223921575854,54.12103746397695
6,1.034759983243911,59.44501018329939,1.9938623122355905,53.8328530259366
6,1.0361488795398097,59.451219512195124,1.9808668632935817,53.8328530259366
6,1.0376009986392762,59.48275862068966,1.9610249176278092,54.52449567723343
6,1.04140701558637,59.38765182186235,1.9420050246649623,55.04322766570605
6,1.042470599456053,59.41919191919192,1.938471709528277,54.985590778097986
6,1.0436057234869192,59.45060483870968,1.9491432698503617,54.92795389048992
6,1.04548673408204,59.456740442655935,1.9664949608563278,54.12103746397695
6,1.047061450210841,59.46285140562249,1.9867485184136624,53.8328530259366
6,1.0480591286758059,59.519038076152306,2.0085267499432584,53.19884726224784
6,1.0510640711180474,59.5,2.0288253801484264,53.0835734870317
6,1.0538864834332153,59.4560878243513,2.0465930650173796,52.96829971181556
6,1.0561652922904805,59.43725099601593,2.0482059602501206,52.96829971181556
6,1.0586635287458959,59.41848906560636,2.0355327911503305,53.0835734870317
6,1.0609542914715253,59.39980158730159,2.0129396441620067,53.25648414985591
6,1.0619642650414454,59.45544554455446,2.0065056189963344,53.0835734870317
6,1.0642117202870156,59.43675889328063,2.0071358433516893,53.02593659942363
6,1.0648286109103968,59.49211045364891,2.0199992711642922,52.91066282420749
6,1.0670000641165596,59.47342519685039,1.970596375896634,54.06340057636888
6,1.0683003236000475,59.479371316306484,1.9379374472776316,55.04322766570605
6,1.0690358327603653,59.53431372549019,1.9173666130974545,55.44668587896253
6,1.0717545417774665,59.540117416829744,1.904969722169885,55.79250720461095
6,1.0734251406043769,59.5947265625,1.9048480574161775,55.61959654178674
6,1.075934005195373,59.551656920077974,1.9149496699533155,55.5043227665706
6,1.0776289319717571,59.53307392996109,1.9314711357591339,54.985590778097986
6,1.078934829740932,59.56310679611651,1.9525990127693122,55.10086455331412
6,1.0801622761119354,59.593023255813954,1.986364687093392,54.87031700288185
6,1.0818278543455035,59.59864603481625,2.0156451774082975,53.94812680115274
6,1.0831472913097395,59.6042471042471,2.023985609755538,53.31412103746398
6,1.0858348465475598,59.60982658959538,2.029897559623015,52.91066282420749
6,1.087579918554739,59.63942307692308,2.038623983958899,52.85302593659942
6,1.0897724343169677,59.644913627639156,2.0342818465650354,52.44956772334294
6,1.0930733053503852,59.62643678160919,2.0289328039241825,52.16138328530259
6,1.0963711930144775,59.608030592734224,2.016191540912549,51.873198847262245
6,1.0989463845561993,59.56583969465649,2.0049579111936455,51.98847262247838
6,1.099922353597848,59.57142857142857,2.0047433575452196,52.04610951008645
6,1.1021020879282764,59.57699619771863,2.007333791887705,51.527377521613836
6,1.1042656119912864,59.606261859582546,2.0155885333564423,51.00864553314121
6,1.1059454572239988,59.635416666666664,2.034044763596926,50.720461095100866
6,1.1093285516100495,59.593572778827976,2.0395254253105084,51.00864553314121
6,1.1111248560053737,59.59905660377358,2.044495622477224,51.12391930835735
6,1.1124719267809078,59.62806026365348,2.0482514962759986,51.18155619596542
6,1.1144166752892106,59.63345864661654,2.043990010352728,51.46974063400577
6,1.1166695843597776,59.61538461538461,2.0414441188771604,51.35446685878963
6,1.1200332360244112,59.573970037453186,2.028750402312125,51.46974063400577
6,1.123529208118194,59.50934579439252,2.012424265322048,51.642651296829975
6,1.125738083630016,59.538246268656714,1.9855112243220554,52.10374639769452
6,1.1278526561236695,59.543761638733706,1.9650753507141694,52.44956772334294
6,1.1301942162803913,59.54925650557621,1.9475602815228124,53.487031700288185
6,1.1321503092779925,59.55473098330241,1.9316415322541092,53.487031700288185
6,1.1327585945199978,59.60648148148148,1.927372303907223,53.65994236311239
6,1.134242891971218,59.634935304990755,1.9275403742416664,53.71757925072046
6,1.1360954670725685,59.640221402214024,1.9313250910576587,53.89048991354467
6,1.1384619546760069,59.622467771639045,1.9345765821120706,54.293948126801155
6,1.1399167392010752,59.627757352941174,1.9413043465207798,54.52449567723343
6,1.141707654081677,59.61009174311926,1.94960715707546,54.351585014409224
6,1.1433439129473348,59.61538461538461,1.9563321938163125,53.89048991354467
6,1.1460880765985502,59.552102376599635,1.9597510420781676,54.00576368876081
6,1.1482456765872868,59.58029197080292,1.9638407818183372,54.12103746397695
6,1.150853382619588,59.54007285974499,1.9615310580225034,54.81268011527378
6,1.1529789255049667,59.54545454545455,1.959291414868447,54.63976945244957
6,1.1546748872062094,59.5508166969147,1.9529598211775179,54.69740634005764
6,1.1562310446445878,59.533514492753625,1.9508888192028493,54.178674351585016
6,1.157528853671331,59.51627486437613,1.9540141126664552,53.94812680115274
6,1.1577238430710215,59.58935018050541,1.960304977432374,53.71757925072046
6,1.1589613267857777,59.61711711711712,1.97462631157741,53.14121037463977
6,1.1604128946991343,59.64478417266187,1.990765145160086,52.96829971181556
6,1.162523483249702,59.605026929982046,1.9989756378709995,52.79538904899135
6,1.1651754372606151,59.61021505376344,2.001844966054512,52.79538904899135
6,1.1676781315160425,59.593023255813954,1.9993606235849144,53.02593659942363
6,1.1703803836907212,59.575892857142854,1.9932995024502003,53.0835734870317
6,1.1725892805347318,59.58110516934046,1.9922537544767978,52.91066282420749
6,1.1751818858871335,59.586298932384345,1.9897889849227695,52.564841498559076
6,1.177419282064626,59.59147424511545,1.9862625185520417,52.737752161383284
6,1.1795188975569448,59.59663120567376,1.9878132510157773,52.85302593659942
6,1.1817134883450835,59.60176991150443,1.9881503102691491,53.0835734870317
6,1.18392449268385,59.58480565371025,1.9906329154144233,52.91066282420749
6,1.185939582045141,59.5679012345679,1.990265078121616,53.25648414985591
6,1.1881952076758209,59.59507042253521,1.9840878331990834,52.79538904899135
6,1.1895354772476774,59.60017574692443,1.9820003113988358,53.14121037463977
6,1.1904337583011702,59.64912280701754,1.9916307049962232,53.31412103746398
6,1.1948967329373485,59.58844133099825,2.0052566587375606,53.77521613832853
6,1.1980320542658631,59.54982517482517,1.9939624853947195,53.71757925072046
6,1.1998998674515047,59.55497382198953,1.9606179788640017,53.8328530259366
6,1.2011987473227477,59.58188153310105,1.939157224745245,54.00576368876081
6,1.202627295451729,59.58695652173913,1.9231922579800478,54.00576368876081
6,1.2043146047545106,59.592013888888886,1.9151160203366786,53.89048991354467
6,1.205663597936693,59.59705372616985,1.9116602632032562,53.429394812680115
6,1.2076954415362133,59.55882352941177,1.905159856454568,53.89048991354467
6,1.2101165191515495,59.542314335060446,1.9035373347970197,53.77521613832853
6,1.2132843802241902,59.50431034482759,1.8940496888303537,54.06340057636888
6,1.2156252508492846,59.466437177280554,1.8837430894649523,54.5821325648415
6,1.2181027751612037,59.47164948453608,1.8775230140729984,54.52449567723343
6,1.2210345660777469,59.45540308747856,1.865480201928297,54.81268011527378
6,1.2223367472620388,59.482020547945204,1.8606606406687591,54.52449567723343
6,1.2246798579237963,59.465811965811966,1.8621018499410646,54.351585014409224
6,1.22804888090805,59.4283276450512,1.8718112298557836,54.351585014409224
6,1.2300398038798257,59.433560477001706,1.8793715557195074,54.351585014409224
6,1.2327753192107929,59.39625850340136,1.8906180718527412,54.63976945244957
6,1.2355376773366802,59.359083191850594,1.9011149119396913,54.40922190201729
6,1.2396464535672413,59.32203389830509,1.9086072682510322,54.293948126801155
6,1.242538482225255,59.30626057529611,1.9162614863314387,54.46685878962536
6,1.2447955435436022,59.26942567567568,1.9214911419675098,54.5821325648415
6,1.2465443905639022,59.27487352445194,1.9268298337261798,54.12103746397695
6,1.24810835887727,59.28030303030303,1.9347389648037572,54.06340057636888
6,1.2511669561659036,59.2436974789916,1.9416406448535655,54.12103746397695
6,1.2524841913659321,59.27013422818792,1.9517969045496206,53.544668587896254
6,1.2555041610802475,59.233668341708544,1.9550287952895538,53.487031700288185
6,1.2576860253356006,59.218227424749166,1.949420612391239,53.19884726224784
6,1.2598768149159456,59.223706176961606,1.9438699269624349,52.85302593659942
6,1.262411023715609,59.1875,1.9386179758931086,53.19884726224784
6,1.2645227544793958,59.17221297836939,1.9289515602149172,53.60230547550432
6,1.2670762133833608,59.17774086378738,1.924358300899031,53.71757925072046
6,1.2685139287067086,59.16252072968491,1.9162953222676906,54.00576368876081
6,1.271236287410322,59.12665562913907,1.9088922188303987,54.40922190201729
6,1.27271578496224,59.13223140495868,1.9017200391688105,55.04322766570605
6,1.2748196712842113,59.13778877887789,1.8924957730803071,54.63976945244957
6,1.2766405385967932,59.12273476112026,1.8852375377707766,54.69740634005764
6,1.2786099144894825,59.12828947368421,1.8829800584074539,54.40922190201729
6,1.280295535882837,59.15435139573071,1.8847701177344345,54.351585014409224
6,1.2825498768765675,59.15983606557377,1.8834904013416185,54.75504322766571
6,1.2833911307156085,59.20621931260229,1.8840904840126564,54.52449567723343
6,1.2858836046567088,59.17075163398693,1.8839746046176153,54.46685878962536
6,1.2880033950664496,59.1557911908646,1.8873076105172732,54.178674351585016
6,1.2899958448582574,59.14087947882736,1.8886164005176262,54.06340057636888
6,1.2920046300872376,59.1260162601626,1.890861077860753,54.46685878962536
6,1.2928888426407388,59.172077922077925,1.8928289192338144,54.69740634005764
6,1.2952396008921296,59.13695299837926,1.8946485662927275,55.273775216138326
6,1.2982897387131265,59.101941747572816,1.8876788997293068,55.216138328530256
6,1.3009513659304694,59.0670436187399,1.8676974477443826,55.216138328530256
6,1.30447482831384,59.03225806451613,1.8579965192601429,54.69740634005764
6,1.3070932500064374,58.9975845410628,1.8536540992248993,54.69740634005764
6,1.3095376443313924,58.963022508038584,1.8570162550919616,55.216138328530256
6,1.311177633036124,58.98876404494382,1.8690880730679507,55.15850144092219
6,1.3130854867398738,58.95432692307692,1.8871569232457244,54.5821325648415
6,1.3147000702196046,58.98,1.9092479676420238,54.40922190201729
6,1.3161566130816937,59.02555910543131,1.9262505582950082,54.00576368876081
6,1.3193556715391184,59.01116427432217,1.9332938927659242,54.06340057636888
6,1.3225694617550625,58.97691082802548,1.9358980560907022,53.8328530259366
6,1.3236510261501138,59.00238473767885,1.9466987121764416,53.371757925072046
6,1.3261669962421845,58.98809523809524,1.9512586298351464,53.371757925072046
6,1.3289040274133808,58.99366085578447,1.9367423181160255,53.65994236311239
6,1.3305400619773489,58.999208860759495,1.9185583191807918,54.351585014409224
6,1.3325336461396593,59.00473933649289,1.9024754104801038,54.985590778097986
6,1.3350835386467608,58.97082018927445,1.8776687227086537,55.90778097982709
6,1.3367542723683934,58.996062992125985,1.8641739169024103,55.44668587896253
6,1.3383365164069754,59.00157232704402,1.8727151805080027,55.216138328530256
6,1.3397219711620556,59.007064364207224,1.9071499010384907,54.293948126801155
6,1.3422690895435057,58.99294670846395,1.8923039774191543,54.69740634005764
6,1.3452809621236825,58.99843505477308,1.8779519891134604,54.87031700288185
6,1.3465008070986522,59.0234375,1.8753412766940034,54.985590778097986
6,1.3486420572196183,59.028861154446176,1.8905293294636336,55.15850144092219
6,1.351019367614859,58.995327102803735,1.8987652649802547,54.92795389048992
6,1.3536531186809666,58.961897356143076,1.898819199904868,54.52449567723343
6,1.3562667145932976,58.94798136645963,1.8919687069231463,54.63976945244957
6,1.357778690873008,58.992248062015506,1.8878663577791732,53.65994236311239
6,1.35941621100432,58.978328173374614,1.8843721582592907,53.65994236311239
6,1.3606864900573303,58.98377125193199,1.8792468126743072,54.06340057636888
6,1.3626423068344593,58.969907407407405,1.8785417158208135,53.89048991354467
6,1.3656294143121495,58.93682588597843,1.8701044685005592,54.236311239193085
6,1.369368010249577,58.88461538461539,1.8543059092512877,54.75504322766571
6,1.371241181892784,58.85176651305684,1.8409356866289395,55.216138328530256
6,1.3727655302144979,58.857361963190186,1.8489220242621163,54.92795389048992
6,1.3763336794548913,58.80551301684533,1.8601780691042473,55.15850144092219
6,1.3790285764164045,58.772935779816514,1.8682258693578606,55.389048991354464
6,1.380734552482241,58.778625954198475,1.881909808736243,54.63976945244957
6,1.3832430519163608,58.765243902439025,1.8973132459112028,55.04322766570605
6,1.385593420855309,58.770928462709286,1.9040119260686883,55.5043227665706
6,1.3884447872246566,58.75759878419453,1.9149541847991505,55.216138328530256
6,1.389589150995016,58.78224582701062,1.9357305416313735,55.389048991354464
6,1.391690545529127,58.78787878787879,1.9471054258434455,55.216138328530256
6,1.3960308384346334,58.73676248108926,1.94924160000366,55.04322766570605
6,1.3991053783972012,58.742447129909365,1.943125514528169,55.389048991354464
6,1.4005578013235016,58.76696832579186,1.9317987363459328,55.56195965417867
6,1.4014035328046273,58.81024096385542,1.927464809423218,55.79250720461095
6,1.4034870078297037,58.796992481203006,1.9322803931027515,55.56195965417867
6,1.4052677353353877,58.82132132132132,1.9203685681391423,55.10086455331412
6,1.4062008072279002,58.8455772113943,1.90791032569749,55.04322766570605
6,1.409950312383865,58.794910179640716,1.9013286605133988,54.81268011527378
6,1.4113961761327167,58.81913303437967,1.886782272620135,54.92795389048992
6,1.4136945335880706,58.82462686567164,1.879350809045651,55.04322766570605
6,1.4150979426738464,58.867362146050674,1.875486020805649,54.75504322766571
6,1.4173075329708427,58.872767857142854,1.876327463421404,54.293948126801155
6,1.4197064511477948,58.85958395245171,1.8843669164839978,54.00576368876081
6,1.4213379679933975,58.86498516320475,1.8957355276505519,54.06340057636888
6,1.423275778364194,58.870370370370374,1.9085205973293375,53.487031700288185
6,1.4251753992548115,58.89423076923077,1.9195221365871518,53.14121037463977
6,1.425307511116721,58.954948301329395,1.933849037929614,52.85302593659942
6,1.428487059091659,58.97861356932153,1.9483998070389443,52.96829971181556
6,1.4298418607464747,59.00220913107511,1.9573516361587058,52.04610951008645
6,1.431542751281277,59.00735294117647,1.9656106682005017,52.04610951008645
6,1.4346077654804839,58.994126284875186,1.960462399616769,52.39193083573487
6,1.4369534504354784,58.98093841642229,1.9573089012077876,52.21902017291066
6,1.43755505329096,59.02269399707174,1.9563900270769674,52.10374639769452
6,1.4397681229306678,59.02777777777778,1.94915447875102,52.39193083573487
6,1.4410959111330541,59.051094890510946,1.944464120310023,53.0835734870317
6,1.443345199221451,59.07434402332362,1.946570143996296,53.31412103746398
6,1.4442604200718434,59.09752547307132,1.9507651813843283,53.371757925072046
6,1.4466654056879251,59.0843023255814,1.9244359833304234,53.487031700288185
6,1.4485934095261128,59.0711175616836,1.9142161639330024,53.60230547550432
6,1.4492199747283991,59.11231884057971,1.9078013431366687,54.293948126801155
6,1.451811884588709,59.09913169319827,1.8943772057783768,54.69740634005764
6,1.454289592890755,59.08598265895954,1.8827208220134681,54.63976945244957
6,1.4559305740128223,59.07287157287157,1.8743083130928777,54.69740634005764
6,1.4587958499103,59.04178674351585,1.8689247708990826,54.5821325648415
6,1.4601768727463327,59.064748201438846,1.8715375211381693,54.46685878962536
6,1.463713130050976,58.997844827586206,1.8750451640461996,54.985590778097986
6,1.4657030301756764,59.00286944045911,1.8856673485123068,54.81268011527378
6,1.466600622246532,59.04369627507163,1.898271433631396,54.40922190201729
6,1.4697020959795306,59.03075822603719,1.9004532220314174,54.63976945244957
6,1.4718783448499284,59.035714285714285,1.9001533090724922,54.5821325648415
6,1.4745465078734254,59.0228245363766,1.9016912281513214,54.351585014409224
6,1.4755912336962003,59.04558404558404,1.8999884674488674,54.236311239193085
6,1.4770919445411939,59.03271692745377,1.9005626242281655,53.89048991354467
6,1.4786078937841873,59.07315340909091,1.903105815846799,53.89048991354467
6,1.4829162658927473,59.04255319148936,1.891032643444527,54.63976945244957
6,1.4856285363533779,59.04745042492918,1.888092303330997,54.351585014409224
6,1.4863171939100874,59.105374823196605,1.8879547142488067,54.5821325648415
6,1.4887745872237965,59.092514124293785,1.8862557389906474,54.69740634005764
6,1.4907623870690403,59.09732016925247,1.8856498669094754,55.331412103746395
6,1.4921576370632177,59.102112676056336,1.8853396459521237,55.15850144092219
6,1.4935132074610968,59.12447257383966,1.8836900822577938,54.87031700288185
6,1.4946595953581365,59.14676966292135,1.8849264342114673,54.92795389048992
6,1.497778821236601,59.15147265077139,1.8884901332965094,54.63976945244957
6,1.5000162216491606,59.121148459383754,1.8864917448863456,54.293948126801155
6,1.5020273877699908,59.14335664335665,1.8845195106234969,54.40922190201729
6,1.5025250954553484,59.20041899441341,1.8866360395597424,54.178674351585016
6,1.504065318376218,59.22245467224547,1.888636865305461,54.52449567723343
6,1.5061127263170324,59.22701949860724,1.8926219639415565,53.94812680115274
6,1.5093440117510526,59.196801112656466,1.8910903094276306,54.351585014409224
6,1.5120523294826087,59.18402777777778,1.8929459723871425,54.92795389048992
6,1.5153202974972757,59.13661581137309,1.8812049007910188,55.44668587896253
6,1.5160869167529438,59.158587257617725,1.8710584161193689,55.5043227665706
6,1.5175598940272865,59.16320885200553,1.8629583027642993,55.79250720461095
6,1.5196623413676493,59.16781767955801,1.8525281904891888,55.96541786743516
6,1.5230373436389,59.13793103448276,1.8480571849692253,55.96541786743516
6,1.526527995547574,59.073691460055095,1.8471161317303433,55.90778097982709
6,1.5287470909031597,59.06121045392022,1.8488994148057727,55.90778097982709
6,1.5315856701939514,59.03159340659341,1.8610953111802377,55.216138328530256
6,1.5332338008931592,59.0363511659808,1.8742525337890545,54.52449567723343
6,1.5368274935472168,59.04109589041096,1.8957649875895768,53.77521613832853
6,1.5380320390294258,59.045827633378934,1.9244927055962076,53.429394812680115
6,1.5401281960406585,59.05054644808743,1.9429995554246111,52.622478386167145
6,1.5415839168292127,59.089358799454295,1.9602044252893343,52.04610951008645
6,1.5442426127528674,59.059945504087196,1.9750786099565742,51.98847262247838
6,1.5467060670746784,59.04761904761905,1.9581076421770631,52.622478386167145
6,1.5489184815338568,59.03532608695652,1.9424915894659982,52.680115273775215
6,1.5502662454486678,59.04002713704206,1.9226210965401567,53.02593659942363
6,1.553162538348452,59.02777777777778,1.905743077878029,53.25648414985591
6,1.5554922696497095,59.03247631935047,1.892625137614215,54.293948126801155
6,1.558213748086832,59.020270270270274,1.8677356599525372,54.87031700288185
6,1.5598774222657084,59.041835357624834,1.853679206102125,54.92795389048992
6,1.5619421059853937,59.046495956873315,1.8537208847186533,54.985590778097986
6,1.5638660723931694,59.06796769851952,1.8599059124421413,54.52449567723343
6,1.565282974872542,59.07258064516129,1.8634040955848958,54.5821325648415
6,1.5673726574076634,59.077181208053695,1.8711611782350848,54.81268011527378
6,1.5694833541877176,59.0985254691689,1.8905964400361759,54.46685878962536
6,1.5713827865394323,59.103078982597054,1.9068746319564256,53.60230547550432
6,1.572794066732259,59.157754010695186,1.9137839308257476,53.25648414985591
6,1.5745662464613193,59.16221628838451,1.9242218018676829,53.19884726224784
6,1.5752254859887456,59.2,1.9296858623829856,52.564841498559076
6,1.5770568176809894,59.20439414114514,1.9298685400442044,52.27665706051873
6,1.578229599612716,59.225398936170215,1.9342178026652006,53.31412103746398
6,1.5808322924238287,59.213147410358566,1.9324563644174058,53.544668587896254
6,1.5832933989500528,59.217506631299734,1.927000351353175,53.65994236311239
6,1.584412061119158,59.25496688741722,1.9260348279355308,54.12103746397695
6,1.5879091346440346,59.24272486772487,1.9151268535495354,54.06340057636888
6,1.5907500692594208,59.23051519154558,1.9031998347576862,54.81268011527378
6,1.5914902258566335,59.26781002638523,1.9013543994196,55.04322766570605
6,1.596334534383526,59.20619235836627,1.90036578345958,55.04322766570605
6,1.5963345833211668,59.21290959986827,1.9082895489881664,54.87031700288185
